date,5Y,7Y,10Y,20Y,30Y
2024-01-02,1.76,1.75,1.74,1.84,1.91
2024-01-03,1.73,1.71,1.71,1.81,1.89
2024-01-04,1.79,1.78,1.77,1.88,1.96
2024-01-05,1.83,1.83,1.83,1.94,2.02
2024-01-08,1.78,1.79,1.79,1.90,1.98
2024-01-09,1.80,1.80,1.80,1.91,1.99
2024-01-10,1.81,1.81,1.82,1.93,2.01
2024-01-11,1.72,1.73,1.76,1.89,1.98
2024-01-12,1.62,1.64,1.69,1.85,1.95
2024-01-16,1.71,1.73,1.77,1.93,2.03
2024-01-17,1.78,1.78,1.80,1.94,2.03
2024-01-18,1.76,1.77,1.80,1.95,2.05
2024-01-19,1.78,1.79,1.81,1.94,2.03
2024-01-22,1.76,1.77,1.80,1.93,2.03
2024-01-23,1.80,1.82,1.85,1.99,2.09
2024-01-24,1.83,1.85,1.88,2.02,2.11
2024-01-25,1.77,1.80,1.85,2.00,2.10
2024-01-26,1.78,1.81,1.85,2.00,2.10
2024-01-29,1.71,1.74,1.78,1.94,2.03
2024-01-30,1.75,1.77,1.80,1.94,2.04
2024-01-31,1.67,1.70,1.73,1.89,1.99
2024-02-01,1.63,1.65,1.68,1.82,1.91
2024-02-02,1.80,1.81,1.82,1.93,2.02
2024-02-05,1.87,1.88,1.90,2.01,2.09
2024-02-06,1.79,1.81,1.85,1.98,2.06
2024-02-07,1.80,1.83,1.86,2.00,2.08
2024-02-08,1.84,1.87,1.91,2.04,2.12
2024-02-09,1.86,1.89,1.92,2.05,2.13
2024-02-12,1.86,1.89,1.93,2.06,2.15
2024-02-13,1.98,1.99,2.02,2.13,2.20
2024-02-14,1.91,1.94,1.97,2.10,2.18
2024-02-15,1.87,1.90,1.94,2.07,2.16
2024-02-16,1.91,1.93,1.97,2.09,2.17
2024-02-20,1.88,1.91,1.95,2.08,2.17
2024-02-21,1.91,1.94,1.98,2.11,2.18
2024-02-22,1.96,1.98,2.02,2.12,2.19
2024-02-23,1.94,1.95,1.96,2.05,2.11
2024-02-26,1.93,1.95,1.97,2.06,2.13
2024-02-27,1.94,1.96,1.99,2.09,2.16
2024-02-28,1.88,1.91,1.94,2.05,2.12
2024-02-29,1.86,1.88,1.92,2.02,2.09
2024-03-01,1.77,1.82,1.87,1.98,2.05
2024-03-04,1.79,1.83,1.88,1.98,2.05
2024-03-05,1.74,1.77,1.81,1.91,1.98
2024-03-06,1.74,1.77,1.81,1.91,1.98
2024-03-07,1.73,1.77,1.81,1.93,2.01
2024-03-08,1.72,1.76,1.81,1.93,2.01
2024-03-11,1.76,1.79,1.83,1.94,2.02
2024-03-12,1.80,1.83,1.86,1.98,2.05
2024-03-13,1.82,1.85,1.89,2.01,2.08
2024-03-14,1.92,1.95,1.99,2.10,2.17
2024-03-15,1.94,1.96,1.99,2.09,2.16
2024-03-18,1.97,1.99,2.03,2.12,2.19
2024-03-19,1.93,1.96,2.00,2.10,2.18
2024-03-20,1.85,1.90,1.96,2.08,2.17
2024-03-21,1.83,1.87,1.93,2.06,2.14
2024-03-22,1.79,1.83,1.87,2.01,2.10
2024-03-25,1.82,1.86,1.92,2.05,2.14
2024-03-26,1.84,1.88,1.92,2.05,2.13
2024-03-27,1.81,1.84,1.88,2.00,2.09
2024-03-28,1.83,1.85,1.88,1.99,2.07
2024-04-01,1.93,1.95,1.98,2.09,2.17
2024-04-02,1.91,1.95,2.00,2.11,2.19
2024-04-03,1.91,1.95,2.00,2.12,2.20
2024-04-04,1.88,1.92,1.97,2.09,2.17
2024-04-05,1.93,1.97,2.02,2.14,2.22
2024-04-08,1.96,1.99,2.04,2.15,2.22
2024-04-09,1.93,1.96,2.00,2.10,2.18
2024-04-10,2.12,2.13,2.15,2.23,2.29
2024-04-11,2.13,2.14,2.16,2.25,2.31
2024-04-12,2.07,2.08,2.11,2.21,2.27
2024-04-15,2.13,2.16,2.20,2.30,2.37
2024-04-16,2.17,2.20,2.24,2.34,2.40
2024-04-17,2.15,2.17,2.20,2.30,2.36
2024-04-18,2.24,2.24,2.24,2.32,2.38
2024-04-19,2.22,2.21,2.21,2.29,2.36
2024-04-22,2.21,2.21,2.21,2.30,2.36
2024-04-23,2.19,2.19,2.20,2.30,2.38
2024-04-24,2.22,2.23,2.24,2.34,2.41
2024-04-25,2.27,2.27,2.28,2.36,2.42
2024-04-26,2.24,2.24,2.24,2.32,2.38
2024-04-29,2.22,2.22,2.22,2.30,2.36
2024-04-30,2.29,2.29,2.28,2.35,2.41
2024-05-01,2.25,2.25,2.25,2.33,2.38
2024-05-02,2.20,2.20,2.21,2.30,2.37
2024-05-03,2.13,2.14,2.15,2.24,2.31
2024-05-06,2.14,2.14,2.14,2.22,2.29
2024-05-07,2.16,2.16,2.15,2.22,2.28
2024-05-08,2.19,2.18,2.17,2.24,2.31
2024-05-09,2.13,2.13,2.13,2.20,2.26
2024-05-10,2.18,2.17,2.16,2.23,2.29
2024-05-13,2.17,2.16,2.15,2.22,2.29
2024-05-14,2.14,2.13,2.12,2.20,2.26
2024-05-15,2.06,2.06,2.05,2.13,2.19
2024-05-16,2.10,2.08,2.07,2.14,2.20
2024-05-17,2.12,2.11,2.10,2.17,2.23
2024-05-20,2.13,2.12,2.11,2.18,2.24
2024-05-21,2.10,2.09,2.09,2.16,2.22
2024-05-22,2.14,2.12,2.10,2.16,2.21
2024-05-23,2.21,2.19,2.17,2.21,2.26
2024-05-24,2.20,2.16,2.14,2.19,2.25
2024-05-28,2.23,2.21,2.20,2.26,2.32
2024-05-29,2.27,2.26,2.25,2.31,2.36
2024-05-30,2.22,2.20,2.19,2.26,2.32
2024-05-31,2.18,2.17,2.16,2.23,2.30
2024-06-03,2.11,2.09,2.08,2.15,2.22
2024-06-04,2.07,2.04,2.02,2.09,2.16
2024-06-05,2.04,2.01,1.99,2.07,2.13
2024-06-06,2.04,2.02,2.00,2.07,2.14
2024-06-07,2.18,2.15,2.13,2.19,2.24
2024-06-10,2.21,2.18,2.16,2.22,2.28
2024-06-11,2.16,2.14,2.12,2.17,2.23
2024-06-12,2.15,2.12,2.09,2.15,2.21
2024-06-13,2.10,2.06,2.03,2.09,2.15
2024-06-14,2.11,2.06,2.03,2.07,2.12
2024-06-17,2.14,2.10,2.06,2.10,2.15
2024-06-18,2.07,2.03,2.01,2.05,2.10
2024-06-20,2.05,2.02,2.00,2.06,2.12
2024-06-21,2.07,2.04,2.02,2.09,2.15
2024-06-24,2.09,2.05,2.03,2.08,2.14
2024-06-25,2.08,2.04,2.01,2.06,2.12
2024-06-26,2.12,2.08,2.06,2.11,2.17
2024-06-27,2.07,2.04,2.03,2.09,2.15
2024-06-28,2.09,2.08,2.08,2.16,2.23
2024-07-01,2.15,2.15,2.16,2.25,2.32
2024-07-02,2.13,2.13,2.13,2.22,2.28
2024-07-03,2.10,2.09,2.09,2.17,2.23
2024-07-05,2.00,2.00,2.00,2.09,2.17
2024-07-08,2.01,2.01,2.01,2.10,2.17
2024-07-09,2.03,2.03,2.04,2.13,2.21
2024-07-10,2.02,2.01,2.01,2.10,2.18
2024-07-11,1.95,1.95,1.95,2.05,2.13
2024-07-12,1.95,1.95,1.94,2.04,2.12
2024-07-15,1.93,1.94,1.96,2.08,2.16
2024-07-16,1.89,1.89,1.91,2.01,2.09
2024-07-17,1.88,1.89,1.90,2.01,2.09
2024-07-18,1.92,1.90,1.89,2.02,2.13
2024-07-19,1.98,1.95,1.93,2.05,2.16
2024-07-22,1.99,1.97,1.96,2.08,2.18
2024-07-23,1.98,1.97,1.96,2.09,2.20
2024-07-24,1.99,1.99,2.00,2.15,2.26
2024-07-25,2.00,1.99,1.99,2.12,2.24
2024-07-26,1.93,1.93,1.93,2.08,2.20
2024-07-29,1.92,1.92,1.92,2.06,2.17
2024-07-30,1.91,1.91,1.90,2.05,2.16
2024-07-31,1.84,1.84,1.85,2.01,2.13
2024-08-01,1.78,1.78,1.79,1.96,2.09
2024-08-02,1.73,1.74,1.76,1.92,2.04
2024-08-05,1.71,1.71,1.71,1.85,1.97
2024-08-06,1.77,1.77,1.78,1.93,2.05
2024-08-07,1.82,1.83,1.85,2.00,2.12
2024-08-08,1.85,1.85,1.87,2.02,2.14
2024-08-09,1.84,1.84,1.84,1.98,2.10
2024-08-12,1.77,1.77,1.79,1.94,2.06
2024-08-13,1.72,1.73,1.76,1.92,2.05
2024-08-14,1.74,1.75,1.77,1.92,2.04
2024-08-15,1.80,1.80,1.80,1.95,2.06
2024-08-16,1.80,1.80,1.81,1.95,2.06
2024-08-19,1.81,1.80,1.79,1.93,2.04
2024-08-20,1.75,1.75,1.75,1.88,1.99
2024-08-21,1.70,1.71,1.72,1.86,1.97
2024-08-22,1.76,1.76,1.76,1.91,2.03
2024-08-23,1.64,1.66,1.68,1.85,1.97
2024-08-26,1.64,1.65,1.67,1.84,1.97
2024-08-27,1.64,1.65,1.68,1.85,1.98
2024-08-28,1.64,1.65,1.69,1.86,1.98
2024-08-29,1.65,1.67,1.71,1.88,2.00
2024-08-30,1.70,1.72,1.76,1.92,2.04
2024-09-03,1.70,1.71,1.73,1.89,2.00
2024-09-04,1.66,1.67,1.70,1.86,1.98
2024-09-05,1.67,1.68,1.70,1.85,1.97
2024-09-06,1.64,1.66,1.69,1.85,1.98
2024-09-09,1.61,1.63,1.66,1.82,1.94
2024-09-10,1.57,1.59,1.63,1.80,1.92
2024-09-11,1.55,1.57,1.61,1.79,1.91
2024-09-12,1.54,1.58,1.63,1.81,1.94
2024-09-13,1.48,1.52,1.58,1.77,1.90
2024-09-16,1.47,1.49,1.54,1.72,1.84
2024-09-17,1.47,1.49,1.53,1.72,1.85
2024-09-18,1.49,1.52,1.58,1.77,1.90
2024-09-19,1.45,1.50,1.56,1.77,1.91
2024-09-20,1.46,1.51,1.58,1.79,1.93
2024-09-23,1.47,1.52,1.58,1.79,1.93
2024-09-24,1.41,1.47,1.55,1.78,1.92
2024-09-25,1.46,1.53,1.61,1.83,1.97
2024-09-26,1.52,1.56,1.63,1.83,1.96
2024-09-27,1.47,1.52,1.60,1.81,1.95
2024-09-30,1.51,1.56,1.63,1.83,1.96
2024-10-01,1.44,1.49,1.55,1.76,1.90
2024-10-02,1.45,1.50,1.58,1.79,1.93
2024-10-03,1.51,1.57,1.64,1.85,1.98
2024-10-04,1.67,1.70,1.75,1.92,2.04
2024-10-07,1.69,1.72,1.76,1.94,2.06
2024-10-08,1.69,1.72,1.77,1.95,2.07
2024-10-09,1.70,1.73,1.77,1.94,2.06
2024-10-10,1.65,1.70,1.76,1.96,2.08
2024-10-11,1.63,1.68,1.75,1.96,2.09
2024-10-15,1.64,1.69,1.75,1.93,2.05
2024-10-16,1.65,1.69,1.75,1.93,2.05
2024-10-17,1.68,1.73,1.79,1.98,2.11
2024-10-18,1.65,1.70,1.77,1.97,2.09
2024-10-21,1.75,1.81,1.88,2.07,2.19
2024-10-22,1.75,1.81,1.87,2.06,2.17
2024-10-23,1.82,1.87,1.93,2.10,2.21
2024-10-24,1.70,1.81,1.91,2.08,2.17
2024-10-25,1.75,1.85,1.96,2.13,2.22
2024-10-28,1.80,1.89,1.99,2.15,2.23
2024-10-29,1.78,1.88,1.98,2.14,2.22
2024-10-30,1.77,1.86,1.95,2.10,2.17
2024-10-31,1.77,1.86,1.95,2.09,2.15
2024-11-01,1.85,1.95,2.04,2.18,2.25
2024-11-04,1.85,1.94,2.03,2.16,2.22
2024-11-05,1.84,1.91,1.99,2.11,2.16
2024-11-06,1.81,1.93,2.04,2.18,2.25
2024-11-07,1.77,1.87,1.98,2.14,2.22
2024-11-08,1.77,1.86,1.95,2.09,2.16
2024-11-12,1.89,1.99,2.08,2.21,2.27
2024-11-13,1.88,1.99,2.09,2.25,2.32
2024-11-14,1.92,2.01,2.10,2.22,2.28
2024-11-15,1.91,2.01,2.10,2.24,2.31
2024-11-18,1.87,1.98,2.08,2.23,2.30
2024-11-19,1.84,1.95,2.05,2.21,2.28
2024-11-20,1.85,1.96,2.06,2.22,2.29
2024-11-21,1.88,1.99,2.09,2.24,2.31
2024-11-22,1.87,1.97,2.07,2.22,2.29
2024-11-25,1.82,1.90,1.98,2.12,2.20
2024-11-26,1.84,1.93,2.02,2.17,2.24
2024-11-27,1.79,1.89,1.99,2.13,2.21
2024-11-29,1.72,1.82,1.92,2.07,2.15
2024-12-02,1.75,1.84,1.93,2.08,2.15
2024-12-03,1.75,1.85,1.95,2.10,2.17
2024-12-04,1.70,1.80,1.90,2.05,2.12
2024-12-05,1.72,1.82,1.92,2.06,2.13
2024-12-06,1.72,1.81,1.91,2.06,2.14
2024-12-09,1.74,1.84,1.93,2.10,2.18
2024-12-10,1.75,1.84,1.93,2.09,2.17
2024-12-11,1.75,1.86,1.96,2.14,2.22
2024-12-12,1.79,1.90,2.00,2.19,2.28
2024-12-13,1.85,1.96,2.07,2.24,2.33
2024-12-16,1.87,1.97,2.07,2.24,2.32
2024-12-17,1.90,2.00,2.09,2.25,2.33
2024-12-18,2.02,2.10,2.18,2.31,2.37
2024-12-19,2.08,2.19,2.28,2.41,2.47
2024-12-20,2.03,2.14,2.23,2.37,2.44
2024-12-23,2.06,2.17,2.27,2.41,2.47
2024-12-24,2.04,2.15,2.24,2.38,2.44
2024-12-26,2.03,2.14,2.23,2.37,2.43
2024-12-27,2.07,2.18,2.28,2.42,2.49
2024-12-30,2.02,2.13,2.24,2.40,2.47
2024-12-31,2.00,2.13,2.24,2.41,2.48
