effective_date,rate_family,rate,percentile_1,percentile_25,percentile_75,percentile_99,target_rate_from,target_rate_to,volume_billions
2024-01-02,EFFR,5.33,5.30,5.32,5.34,5.50,5.25,5.50,83
2024-01-02,OBFR,5.32,5.25,5.31,5.33,5.40,,,222
2024-01-02,SOFR,5.40,5.30,5.33,5.51,5.56,,,1948
2024-01-03,EFFR,5.33,5.30,5.32,5.34,5.48,5.25,5.50,87
2024-01-03,OBFR,5.32,5.25,5.31,5.33,5.40,,,226
2024-01-03,SOFR,5.39,5.30,5.33,5.48,5.53,,,1832
2024-01-04,EFFR,5.33,5.30,5.32,5.34,5.48,5.25,5.50,86
2024-01-04,OBFR,5.32,5.25,5.31,5.33,5.40,,,245
2024-01-04,SOFR,5.32,5.29,5.31,5.40,5.44,,,1930
2024-01-05,EFFR,5.33,5.30,5.32,5.34,5.45,5.25,5.50,84
2024-01-05,OBFR,5.32,5.25,5.31,5.33,5.38,,,243
2024-01-05,SOFR,5.31,5.28,5.30,5.36,5.40,,,1674
2024-01-08,EFFR,5.33,5.30,5.32,5.34,5.45,5.25,5.50,86
2024-01-08,OBFR,5.32,5.27,5.31,5.33,5.40,,,253
2024-01-08,SOFR,5.31,5.28,5.30,5.36,5.40,,,1658
2024-01-09,EFFR,5.33,5.30,5.32,5.33,5.45,5.25,5.50,91
2024-01-09,OBFR,5.32,5.25,5.31,5.33,5.40,,,251
2024-01-09,SOFR,5.31,5.28,5.30,5.36,5.40,,,1693
2024-01-10,EFFR,5.33,5.30,5.32,5.33,5.45,5.25,5.50,91
2024-01-10,OBFR,5.32,5.25,5.31,5.33,5.38,,,247
2024-01-10,SOFR,5.31,5.28,5.30,5.36,5.40,,,1660
2024-01-11,EFFR,5.33,5.30,5.32,5.33,5.40,5.25,5.50,96
2024-01-11,OBFR,5.32,5.25,5.31,5.33,5.38,,,255
2024-01-11,SOFR,5.31,5.28,5.30,5.36,5.40,,,1648
2024-01-12,EFFR,5.33,5.30,5.32,5.33,5.40,5.25,5.50,93
2024-01-12,OBFR,5.32,5.25,5.31,5.33,5.39,,,263
2024-01-12,SOFR,5.31,5.27,5.30,5.36,5.40,,,1590
2024-01-16,EFFR,5.33,5.30,5.32,5.34,5.45,5.25,5.50,85
2024-01-16,OBFR,5.31,5.25,5.31,5.33,5.40,,,253
2024-01-16,SOFR,5.32,5.28,5.31,5.38,5.42,,,1854
2024-01-17,EFFR,5.33,5.30,5.32,5.33,5.40,5.25,5.50,88
2024-01-17,OBFR,5.32,5.25,5.31,5.33,5.38,,,262
2024-01-17,SOFR,5.32,5.28,5.31,5.37,5.42,,,1764
2024-01-18,EFFR,5.33,5.31,5.32,5.34,5.45,5.25,5.50,87
2024-01-18,OBFR,5.31,5.25,5.31,5.33,5.38,,,260
2024-01-18,SOFR,5.31,5.27,5.30,5.34,5.40,,,1746
2024-01-19,EFFR,5.33,5.31,5.32,5.33,5.45,5.25,5.50,94
2024-01-19,OBFR,5.31,5.25,5.31,5.33,5.38,,,269
2024-01-19,SOFR,5.31,5.26,5.30,5.33,5.37,,,1688
2024-01-22,EFFR,5.33,5.31,5.32,5.33,5.45,5.25,5.50,92
2024-01-22,OBFR,5.31,5.27,5.31,5.33,5.38,,,265
2024-01-22,SOFR,5.31,5.26,5.30,5.33,5.38,,,1595
2024-01-23,EFFR,5.33,5.31,5.31,5.33,5.45,5.25,5.50,97
2024-01-23,OBFR,5.31,5.26,5.31,5.33,5.38,,,269
2024-01-23,SOFR,5.31,5.26,5.30,5.34,5.38,,,1686
2024-01-24,EFFR,5.33,5.30,5.32,5.33,5.45,5.25,5.50,96
2024-01-24,OBFR,5.31,5.25,5.31,5.33,5.38,,,263
2024-01-24,SOFR,5.31,5.26,5.30,5.36,5.40,,,1596
2024-01-25,EFFR,5.33,5.30,5.31,5.33,5.45,5.25,5.50,101
2024-01-25,OBFR,5.31,5.25,5.31,5.33,5.38,,,271
2024-01-25,SOFR,5.32,5.28,5.31,5.38,5.43,,,1768
2024-01-26,EFFR,5.33,5.30,5.31,5.33,5.45,5.25,5.50,100
2024-01-26,OBFR,5.31,5.25,5.31,5.33,5.39,,,270
2024-01-26,SOFR,5.32,5.28,5.31,5.37,5.42,,,1712
2024-01-29,EFFR,5.33,5.31,5.32,5.33,5.45,5.25,5.50,92
2024-01-29,OBFR,5.31,5.23,5.31,5.33,5.38,,,269
2024-01-29,SOFR,5.31,5.27,5.30,5.36,5.40,,,1598
2024-01-30,EFFR,5.33,5.31,5.32,5.33,5.50,5.25,5.50,92
2024-01-30,OBFR,5.31,5.22,5.31,5.33,5.38,,,265
2024-01-30,SOFR,5.31,5.28,5.30,5.36,5.40,,,1642
2024-01-31,EFFR,5.33,5.30,5.32,5.34,5.50,5.25,5.50,75
2024-01-31,OBFR,5.32,5.22,5.31,5.33,5.40,,,221
2024-01-31,SOFR,5.32,5.28,5.31,5.40,5.43,,,1874
2024-02-01,EFFR,5.33,5.31,5.32,5.34,5.50,5.25,5.50,81
2024-02-01,OBFR,5.31,5.22,5.31,5.33,5.40,,,254
2024-02-01,SOFR,5.32,5.28,5.31,5.39,5.43,,,1897
2024-02-02,EFFR,5.33,5.31,5.32,5.33,5.50,5.25,5.50,91
2024-02-02,OBFR,5.32,5.25,5.31,5.33,5.40,,,270
2024-02-02,SOFR,5.32,5.28,5.31,5.39,5.44,,,1849
2024-02-05,EFFR,5.33,5.31,5.32,5.33,5.50,5.25,5.50,96
2024-02-05,OBFR,5.32,5.25,5.31,5.33,5.40,,,269
2024-02-05,SOFR,5.31,5.27,5.31,5.36,5.41,,,1731
2024-02-06,EFFR,5.33,5.31,5.32,5.33,5.45,5.25,5.50,97
2024-02-06,OBFR,5.32,5.25,5.31,5.33,5.40,,,261
2024-02-06,SOFR,5.31,5.28,5.31,5.36,5.40,,,1738
2024-02-07,EFFR,5.33,5.31,5.32,5.33,5.45,5.25,5.50,96
2024-02-07,OBFR,5.32,5.25,5.31,5.33,5.40,,,270
2024-02-07,SOFR,5.31,5.27,5.30,5.35,5.40,,,1797
2024-02-08,EFFR,5.33,5.31,5.31,5.33,5.40,5.25,5.50,96
2024-02-08,OBFR,5.32,5.25,5.31,5.33,5.39,,,271
2024-02-08,SOFR,5.31,5.27,5.30,5.36,5.40,,,1669
2024-02-09,EFFR,5.33,5.31,5.32,5.33,5.35,5.25,5.50,96
2024-02-09,OBFR,5.32,5.25,5.31,5.33,5.38,,,270
2024-02-09,SOFR,5.31,5.27,5.30,5.36,5.40,,,1581
2024-02-12,EFFR,5.33,5.31,5.32,5.33,5.35,5.25,5.50,93
2024-02-12,OBFR,5.32,5.25,5.31,5.33,5.38,,,268
2024-02-12,SOFR,5.31,5.27,5.30,5.35,5.40,,,1725
2024-02-13,EFFR,5.33,5.31,5.32,5.33,5.40,5.25,5.50,98
2024-02-13,OBFR,5.32,5.25,5.31,5.33,5.38,,,274
2024-02-13,SOFR,5.31,5.27,5.30,5.34,5.39,,,1714
2024-02-14,EFFR,5.33,5.31,5.31,5.33,5.40,5.25,5.50,107
2024-02-14,OBFR,5.32,5.25,5.31,5.33,5.38,,,270
2024-02-14,SOFR,5.30,5.26,5.30,5.32,5.38,,,1596
2024-02-15,EFFR,5.33,5.31,5.31,5.33,5.42,5.25,5.50,112
2024-02-15,OBFR,5.32,5.25,5.31,5.33,5.40,,,280
2024-02-15,SOFR,5.31,5.27,5.30,5.33,5.38,,,1746
2024-02-16,EFFR,5.33,5.31,5.31,5.33,5.40,5.25,5.50,110
2024-02-16,OBFR,5.31,5.24,5.31,5.33,5.39,,,280
2024-02-16,SOFR,5.30,5.26,5.30,5.32,5.37,,,1666
2024-02-20,EFFR,5.33,5.31,5.31,5.33,5.45,5.25,5.50,104
2024-02-20,OBFR,5.31,5.25,5.31,5.33,5.40,,,280
2024-02-20,SOFR,5.30,5.25,5.30,5.32,5.37,,,1610
2024-02-21,EFFR,5.33,5.31,5.31,5.33,5.45,5.25,5.50,101
2024-02-21,OBFR,5.31,5.25,5.31,5.33,5.40,,,272
2024-02-21,SOFR,5.30,5.27,5.30,5.32,5.37,,,1607
2024-02-22,EFFR,5.33,5.31,5.32,5.33,5.40,5.25,5.50,103
2024-02-22,OBFR,5.32,5.25,5.31,5.33,5.38,,,277
2024-02-22,SOFR,5.30,5.27,5.30,5.33,5.38,,,1620
2024-02-23,EFFR,5.33,5.31,5.31,5.33,5.40,5.25,5.50,103
2024-02-23,OBFR,5.31,5.25,5.31,5.33,5.38,,,279
2024-02-23,SOFR,5.31,5.27,5.30,5.35,5.39,,,1736
2024-02-26,EFFR,5.33,5.31,5.32,5.33,5.47,5.25,5.50,98
2024-02-26,OBFR,5.31,5.25,5.31,5.33,5.38,,,281
2024-02-26,SOFR,5.31,5.28,5.30,5.36,5.41,,,1739
2024-02-27,EFFR,5.33,5.31,5.32,5.33,5.47,5.25,5.50,96
2024-02-27,OBFR,5.31,5.25,5.31,5.33,5.39,,,278
2024-02-27,SOFR,5.31,5.28,5.30,5.35,5.40,,,1741
2024-02-28,EFFR,5.33,5.31,5.32,5.33,5.45,5.25,5.50,96
2024-02-28,OBFR,5.31,5.25,5.31,5.33,5.38,,,282
2024-02-28,SOFR,5.31,5.27,5.30,5.33,5.38,,,1620
2024-02-29,EFFR,5.33,5.30,5.32,5.33,5.47,5.25,5.50,96
2024-02-29,OBFR,5.32,5.24,5.31,5.33,5.40,,,252
2024-02-29,SOFR,5.32,5.28,5.31,5.37,5.41,,,1951
2024-03-01,EFFR,5.33,5.31,5.32,5.34,5.47,5.25,5.50,84
2024-03-01,OBFR,5.31,5.25,5.31,5.33,5.38,,,270
2024-03-01,SOFR,5.31,5.28,5.31,5.36,5.40,,,1783
2024-03-04,EFFR,5.33,5.31,5.32,5.34,5.40,5.25,5.50,91
2024-03-04,OBFR,5.31,5.25,5.31,5.33,5.38,,,280
2024-03-04,SOFR,5.31,5.27,5.30,5.35,5.39,,,1858
2024-03-05,EFFR,5.33,5.31,5.32,5.33,5.40,5.25,5.50,101
2024-03-05,OBFR,5.32,5.25,5.31,5.33,5.38,,,288
2024-03-05,SOFR,5.31,5.27,5.30,5.34,5.39,,,1807
2024-03-06,EFFR,5.33,5.31,5.32,5.34,5.47,5.25,5.50,99
2024-03-06,OBFR,5.31,5.25,5.31,5.33,5.39,,,273
2024-03-06,SOFR,5.31,5.27,5.30,5.33,5.38,,,1707
2024-03-07,EFFR,5.33,5.31,5.32,5.34,5.35,5.25,5.50,98
2024-03-07,OBFR,5.31,5.25,5.31,5.33,5.39,,,280
2024-03-07,SOFR,5.31,5.27,5.30,5.34,5.38,,,1793
2024-03-08,EFFR,5.33,5.31,5.32,5.34,5.45,5.25,5.50,85
2024-03-08,OBFR,5.31,5.25,5.31,5.33,5.40,,,273
2024-03-08,SOFR,5.31,5.27,5.30,5.35,5.39,,,1782
2024-03-11,EFFR,5.33,5.31,5.32,5.34,5.47,5.25,5.50,85
2024-03-11,OBFR,5.32,5.24,5.31,5.33,5.40,,,263
2024-03-11,SOFR,5.31,5.27,5.30,5.35,5.40,,,1804
2024-03-12,EFFR,5.33,5.31,5.32,5.34,5.47,5.25,5.50,86
2024-03-12,OBFR,5.32,5.24,5.31,5.33,5.40,,,259
2024-03-12,SOFR,5.31,5.27,5.31,5.36,5.40,,,1699
2024-03-13,EFFR,5.33,5.31,5.32,5.34,5.45,5.25,5.50,89
2024-03-13,OBFR,5.32,5.24,5.31,5.33,5.40,,,255
2024-03-13,SOFR,5.31,5.27,5.30,5.35,5.40,,,1784
2024-03-14,EFFR,5.33,5.31,5.32,5.34,5.45,5.25,5.50,95
2024-03-14,OBFR,5.32,5.24,5.31,5.33,5.40,,,260
2024-03-14,SOFR,5.31,5.27,5.30,5.34,5.39,,,1782
2024-03-15,EFFR,5.33,5.31,5.32,5.34,5.45,5.25,5.50,90
2024-03-15,OBFR,5.32,5.24,5.31,5.33,5.38,,,252
2024-03-15,SOFR,5.31,5.28,5.31,5.37,5.41,,,1803
2024-03-18,EFFR,5.33,5.31,5.32,5.34,5.45,5.25,5.50,91
2024-03-18,OBFR,5.32,5.24,5.31,5.33,5.38,,,260
2024-03-18,SOFR,5.31,5.27,5.30,5.34,5.39,,,1788
2024-03-19,EFFR,5.33,5.31,5.32,5.34,5.45,5.25,5.50,89
2024-03-19,OBFR,5.32,5.24,5.31,5.33,5.38,,,253
2024-03-19,SOFR,5.31,5.20,5.30,5.34,5.38,,,1813
2024-03-20,EFFR,5.33,5.31,5.32,5.34,5.45,5.25,5.50,91
2024-03-20,OBFR,5.32,5.24,5.31,5.33,5.38,,,248
2024-03-20,SOFR,5.31,5.27,5.30,5.34,5.38,,,1736
2024-03-21,EFFR,5.33,5.31,5.32,5.34,5.45,5.25,5.50,93
2024-03-21,OBFR,5.32,5.24,5.31,5.33,5.38,,,248
2024-03-21,SOFR,5.31,5.27,5.30,5.35,5.39,,,1849
2024-03-22,EFFR,5.33,5.31,5.32,5.34,5.45,5.25,5.50,91
2024-03-22,OBFR,5.32,5.24,5.31,5.33,5.38,,,249
2024-03-22,SOFR,5.31,5.27,5.31,5.37,5.42,,,1796
2024-03-25,EFFR,5.33,5.31,5.32,5.34,5.46,5.25,5.50,85
2024-03-25,OBFR,5.32,5.24,5.31,5.33,5.39,,,245
2024-03-25,SOFR,5.31,5.28,5.31,5.38,5.43,,,1820
2024-03-26,EFFR,5.33,5.31,5.32,5.34,5.45,5.25,5.50,85
2024-03-26,OBFR,5.32,5.24,5.31,5.33,5.39,,,238
2024-03-26,SOFR,5.32,5.28,5.31,5.40,5.44,,,1849
2024-03-27,EFFR,5.33,5.30,5.32,5.34,5.45,5.25,5.50,82
2024-03-27,OBFR,5.32,5.25,5.31,5.33,5.39,,,218
2024-03-27,SOFR,5.33,5.28,5.32,5.43,5.48,,,1807
2024-03-28,EFFR,5.33,5.30,5.33,5.35,5.50,5.25,5.50,53
2024-03-28,OBFR,5.33,5.15,5.32,5.34,5.45,,,67
2024-03-28,SOFR,5.34,5.30,5.32,5.42,5.48,,,1911
2024-03-29,EFFR,5.33,5.31,5.33,5.34,5.45,5.25,5.50,62
2024-03-29,OBFR,5.33,5.15,5.32,5.34,5.45,,,79
2024-04-01,EFFR,5.33,5.31,5.32,5.34,5.45,5.25,5.50,93
2024-04-01,OBFR,5.32,5.22,5.31,5.33,5.39,,,226
2024-04-01,SOFR,5.35,5.30,5.33,5.47,5.51,,,2023
2024-04-02,EFFR,5.33,5.31,5.32,5.34,5.35,5.25,5.50,94
2024-04-02,OBFR,5.32,5.24,5.31,5.33,5.40,,,239
2024-04-02,SOFR,5.34,5.30,5.33,5.45,5.50,,,1927
2024-04-03,EFFR,5.33,5.31,5.32,5.34,5.35,5.25,5.50,93
2024-04-03,OBFR,5.32,5.24,5.31,5.33,5.40,,,242
2024-04-03,SOFR,5.32,5.28,5.31,5.38,5.43,,,1985
2024-04-04,EFFR,5.33,5.31,5.32,5.34,5.35,5.25,5.50,93
2024-04-04,OBFR,5.32,5.24,5.31,5.33,5.40,,,256
2024-04-04,SOFR,5.32,5.28,5.31,5.37,5.41,,,1974
2024-04-05,EFFR,5.33,5.31,5.32,5.34,5.35,5.25,5.50,88
2024-04-05,OBFR,5.32,5.24,5.31,5.33,5.39,,,247
2024-04-05,SOFR,5.32,5.28,5.31,5.38,5.42,,,1898
2024-04-08,EFFR,5.33,5.31,5.33,5.34,5.45,5.25,5.50,82
2024-04-08,OBFR,5.32,5.24,5.31,5.33,5.39,,,245
2024-04-08,SOFR,5.31,5.28,5.31,5.36,5.41,,,1807
2024-04-09,EFFR,5.33,5.31,5.33,5.34,5.35,5.25,5.50,85
2024-04-09,OBFR,5.32,5.24,5.31,5.33,5.39,,,245
2024-04-09,SOFR,5.31,5.28,5.31,5.35,5.40,,,1826
2024-04-10,EFFR,5.33,5.31,5.33,5.34,5.35,5.25,5.50,86
2024-04-10,OBFR,5.32,5.24,5.31,5.33,5.38,,,251
2024-04-10,SOFR,5.31,5.28,5.30,5.35,5.39,,,1909
2024-04-11,EFFR,5.33,5.31,5.32,5.34,5.35,5.25,5.50,92
2024-04-11,OBFR,5.32,5.25,5.31,5.33,5.38,,,247
2024-04-11,SOFR,5.31,5.28,5.30,5.35,5.39,,,1857
2024-04-12,EFFR,5.33,5.31,5.32,5.34,5.35,5.25,5.50,88
2024-04-12,OBFR,5.32,5.25,5.31,5.33,5.38,,,243
2024-04-12,SOFR,5.31,5.27,5.30,5.35,5.40,,,1805
2024-04-15,EFFR,5.33,5.31,5.33,5.34,5.46,5.25,5.50,83
2024-04-15,OBFR,5.32,5.25,5.31,5.33,5.38,,,244
2024-04-15,SOFR,5.32,5.28,5.31,5.39,5.43,,,1938
2024-04-16,EFFR,5.33,5.31,5.32,5.34,5.46,5.25,5.50,83
2024-04-16,OBFR,5.32,5.24,5.31,5.33,5.40,,,244
2024-04-16,SOFR,5.31,5.28,5.31,5.36,5.41,,,1809
2024-04-17,EFFR,5.33,5.31,5.32,5.34,5.45,5.25,5.50,80
2024-04-17,OBFR,5.32,5.24,5.31,5.33,5.38,,,243
2024-04-17,SOFR,5.31,5.27,5.30,5.33,5.39,,,1731
2024-04-18,EFFR,5.33,5.31,5.32,5.34,5.46,5.25,5.50,82
2024-04-18,OBFR,5.32,5.24,5.31,5.33,5.40,,,246
2024-04-18,SOFR,5.30,5.28,5.30,5.33,5.39,,,1764
2024-04-19,EFFR,5.33,5.31,5.32,5.34,5.45,5.25,5.50,85
2024-04-19,OBFR,5.32,5.24,5.31,5.33,5.39,,,256
2024-04-19,SOFR,5.31,5.27,5.30,5.34,5.38,,,1780
2024-04-22,EFFR,5.33,5.31,5.32,5.34,5.46,5.25,5.50,79
2024-04-22,OBFR,5.32,5.24,5.31,5.33,5.40,,,255
2024-04-22,SOFR,5.31,5.27,5.30,5.34,5.38,,,1746
2024-04-23,EFFR,5.33,5.31,5.32,5.34,5.50,5.25,5.50,74
2024-04-23,OBFR,5.32,5.24,5.31,5.33,5.40,,,253
2024-04-23,SOFR,5.31,5.27,5.30,5.34,5.39,,,1757
2024-04-24,EFFR,5.33,5.31,5.33,5.34,5.55,5.25,5.50,71
2024-04-24,OBFR,5.32,5.24,5.31,5.33,5.42,,,248
2024-04-24,SOFR,5.31,5.28,5.30,5.35,5.40,,,1778
2024-04-25,EFFR,5.33,5.31,5.32,5.34,5.50,5.25,5.50,89
2024-04-25,OBFR,5.32,5.24,5.31,5.33,5.40,,,264
2024-04-25,SOFR,5.31,5.28,5.31,5.37,5.42,,,1774
2024-04-26,EFFR,5.33,5.31,5.32,5.34,5.50,5.25,5.50,94
2024-04-26,OBFR,5.32,5.25,5.31,5.33,5.40,,,270
2024-04-26,SOFR,5.32,5.28,5.31,5.38,5.43,,,1795
2024-04-29,EFFR,5.33,5.31,5.32,5.34,5.50,5.25,5.50,78
2024-04-29,OBFR,5.32,5.25,5.31,5.33,5.40,,,257
2024-04-29,SOFR,5.32,5.28,5.31,5.38,5.43,,,1781
2024-04-30,EFFR,5.33,5.30,5.32,5.34,5.50,5.25,5.50,82
2024-04-30,OBFR,5.32,5.22,5.31,5.33,5.42,,,241
2024-04-30,SOFR,5.34,5.29,5.31,5.40,5.50,,,1831
2024-05-01,EFFR,5.33,5.31,5.32,5.34,5.50,5.25,5.50,83
2024-05-01,OBFR,5.32,5.25,5.31,5.33,5.38,,,250
2024-05-01,SOFR,5.32,5.28,5.31,5.38,5.43,,,1955
2024-05-02,EFFR,5.33,5.31,5.32,5.34,5.50,5.25,5.50,83
2024-05-02,OBFR,5.32,5.25,5.31,5.33,5.40,,,268
2024-05-02,SOFR,5.31,5.28,5.31,5.36,5.41,,,1838
2024-05-03,EFFR,5.33,5.31,5.32,5.34,5.50,5.25,5.50,82
2024-05-03,OBFR,5.32,5.25,5.31,5.33,5.40,,,265
2024-05-03,SOFR,5.31,5.28,5.30,5.35,5.40,,,1863
2024-05-06,EFFR,5.33,5.31,5.32,5.34,5.50,5.25,5.50,75
2024-05-06,OBFR,5.32,5.24,5.31,5.33,5.40,,,259
2024-05-06,SOFR,5.31,5.28,5.30,5.35,5.40,,,1855
2024-05-07,EFFR,5.33,5.31,5.32,5.34,5.50,5.25,5.50,78
2024-05-07,OBFR,5.32,5.25,5.31,5.33,5.40,,,258
2024-05-07,SOFR,5.31,5.28,5.30,5.35,5.40,,,1864
2024-05-08,EFFR,5.33,5.31,5.32,5.34,5.50,5.25,5.50,77
2024-05-08,OBFR,5.32,5.25,5.31,5.33,5.40,,,259
2024-05-08,SOFR,5.31,5.27,5.30,5.35,5.39,,,1845
2024-05-09,EFFR,5.33,5.31,5.32,5.34,5.50,5.25,5.50,79
2024-05-09,OBFR,5.32,5.25,5.31,5.33,5.38,,,271
2024-05-09,SOFR,5.31,5.28,5.30,5.35,5.39,,,1871
2024-05-10,EFFR,5.33,5.31,5.32,5.34,5.50,5.25,5.50,79
2024-05-10,OBFR,5.32,5.25,5.31,5.33,5.38,,,265
2024-05-10,SOFR,5.31,5.28,5.30,5.34,5.39,,,1816
2024-05-13,EFFR,5.33,5.31,5.33,5.34,5.50,5.25,5.50,76
2024-05-13,OBFR,5.32,5.25,5.31,5.33,5.40,,,269
2024-05-13,SOFR,5.31,5.27,5.30,5.33,5.38,,,1805
2024-05-14,EFFR,5.33,5.31,5.33,5.34,5.50,5.25,5.50,76
2024-05-14,OBFR,5.32,5.25,5.31,5.33,5.40,,,265
2024-05-14,SOFR,5.31,5.28,5.30,5.34,5.38,,,1838
2024-05-15,EFFR,5.33,5.31,5.33,5.34,5.50,5.25,5.50,78
2024-05-15,OBFR,5.32,5.24,5.31,5.33,5.40,,,266
2024-05-15,SOFR,5.31,5.28,5.30,5.34,5.38,,,1936
2024-05-16,EFFR,5.33,5.31,5.32,5.34,5.50,5.25,5.50,78
2024-05-16,OBFR,5.32,5.24,5.31,5.33,5.40,,,265
2024-05-16,SOFR,5.31,5.28,5.30,5.35,5.41,,,2001
2024-05-17,EFFR,5.33,5.31,5.32,5.34,5.50,5.25,5.50,77
2024-05-17,OBFR,5.32,5.24,5.31,5.33,5.37,,,269
2024-05-17,SOFR,5.31,5.28,5.30,5.35,5.39,,,1964
2024-05-20,EFFR,5.33,5.31,5.32,5.34,5.50,5.25,5.50,75
2024-05-20,OBFR,5.32,5.25,5.31,5.33,5.38,,,265
2024-05-20,SOFR,5.31,5.28,5.30,5.35,5.39,,,1866
2024-05-21,EFFR,5.33,5.31,5.33,5.34,5.50,5.25,5.50,76
2024-05-21,OBFR,5.32,5.25,5.31,5.33,5.38,,,265
2024-05-21,SOFR,5.31,5.28,5.30,5.35,5.39,,,1929
2024-05-22,EFFR,5.33,5.31,5.33,5.34,5.50,5.25,5.50,80
2024-05-22,OBFR,5.32,5.25,5.31,5.33,5.40,,,265
2024-05-22,SOFR,5.31,5.28,5.30,5.35,5.39,,,1900
2024-05-23,EFFR,5.33,5.31,5.32,5.34,5.50,5.25,5.50,82
2024-05-23,OBFR,5.32,5.25,5.31,5.33,5.40,,,267
2024-05-23,SOFR,5.31,5.28,5.30,5.35,5.39,,,1916
2024-05-24,EFFR,5.33,5.31,5.32,5.34,5.50,5.25,5.50,90
2024-05-24,OBFR,5.32,5.25,5.31,5.33,5.40,,,268
2024-05-24,SOFR,5.32,5.28,5.31,5.37,5.41,,,1909
2024-05-28,EFFR,5.33,5.31,5.32,5.34,5.50,5.25,5.50,88
2024-05-28,OBFR,5.32,5.25,5.31,5.33,5.40,,,272
2024-05-28,SOFR,5.32,5.28,5.31,5.39,5.43,,,2013
2024-05-29,EFFR,5.33,5.31,5.32,5.34,5.50,5.25,5.50,88
2024-05-29,OBFR,5.32,5.25,5.31,5.33,5.38,,,271
2024-05-29,SOFR,5.33,5.28,5.32,5.40,5.44,,,1807
2024-05-30,EFFR,5.33,5.31,5.32,5.34,5.46,5.25,5.50,96
2024-05-30,OBFR,5.32,5.25,5.31,5.33,5.38,,,280
2024-05-30,SOFR,5.33,5.29,5.32,5.40,5.46,,,1824
2024-05-31,EFFR,5.33,5.30,5.32,5.34,5.47,5.25,5.50,99
2024-05-31,OBFR,5.32,5.25,5.31,5.33,5.40,,,267
2024-05-31,SOFR,5.34,5.30,5.33,5.43,5.48,,,2061
2024-06-03,EFFR,5.33,5.31,5.32,5.34,5.46,5.25,5.50,93
2024-06-03,OBFR,5.32,5.25,5.31,5.33,5.38,,,275
2024-06-03,SOFR,5.35,5.29,5.32,5.40,5.44,,,1912
2024-06-04,EFFR,5.33,5.31,5.32,5.34,5.46,5.25,5.50,100
2024-06-04,OBFR,5.32,5.25,5.31,5.33,5.38,,,280
2024-06-04,SOFR,5.33,5.29,5.32,5.40,5.44,,,2092
2024-06-05,EFFR,5.33,5.31,5.32,5.34,5.46,5.25,5.50,105
2024-06-05,OBFR,5.32,5.25,5.31,5.33,5.38,,,278
2024-06-05,SOFR,5.33,5.30,5.32,5.39,5.43,,,1989
2024-06-06,EFFR,5.33,5.31,5.32,5.34,5.45,5.25,5.50,105
2024-06-06,OBFR,5.32,5.25,5.31,5.33,5.39,,,285
2024-06-06,SOFR,5.33,5.29,5.32,5.40,5.44,,,2008
2024-06-07,EFFR,5.33,5.31,5.32,5.34,5.45,5.25,5.50,100
2024-06-07,OBFR,5.32,5.25,5.31,5.33,5.38,,,281
2024-06-07,SOFR,5.33,5.29,5.32,5.40,5.44,,,1934
2024-06-10,EFFR,5.33,5.31,5.32,5.34,5.45,5.25,5.50,93
2024-06-10,OBFR,5.32,5.25,5.31,5.33,5.38,,,263
2024-06-10,SOFR,5.32,5.27,5.32,5.38,5.43,,,1847
2024-06-11,EFFR,5.33,5.31,5.32,5.34,5.45,5.25,5.50,95
2024-06-11,OBFR,5.32,5.24,5.31,5.33,5.39,,,271
2024-06-11,SOFR,5.32,5.28,5.31,5.37,5.42,,,1946
2024-06-12,EFFR,5.33,5.31,5.32,5.34,5.45,5.25,5.50,93
2024-06-12,OBFR,5.32,5.24,5.31,5.33,5.38,,,268
2024-06-12,SOFR,5.31,5.28,5.30,5.35,5.41,,,1957
2024-06-13,EFFR,5.33,5.31,5.32,5.34,5.35,5.25,5.50,99
2024-06-13,OBFR,5.32,5.24,5.31,5.33,5.38,,,280
2024-06-13,SOFR,5.31,5.29,5.30,5.36,5.41,,,2035
2024-06-14,EFFR,5.33,5.31,5.32,5.34,5.45,5.25,5.50,87
2024-06-14,OBFR,5.32,5.25,5.31,5.33,5.39,,,270
2024-06-14,SOFR,5.31,5.28,5.31,5.37,5.41,,,1855
2024-06-17,EFFR,5.33,5.31,5.32,5.34,5.45,5.25,5.50,83
2024-06-17,OBFR,5.32,5.24,5.31,5.33,5.40,,,261
2024-06-17,SOFR,5.33,5.30,5.32,5.41,5.46,,,1975
2024-06-18,EFFR,5.33,5.31,5.32,5.34,5.45,5.25,5.50,85
2024-06-18,OBFR,5.32,5.24,5.31,5.33,5.40,,,259
2024-06-18,SOFR,5.33,5.29,5.32,5.40,5.45,,,2021
2024-06-20,EFFR,5.33,5.31,5.32,5.34,5.46,5.25,5.50,83
2024-06-20,OBFR,5.32,5.25,5.31,5.33,5.40,,,260
2024-06-20,SOFR,5.32,5.27,5.31,5.37,5.42,,,2052
2024-06-21,EFFR,5.33,5.31,5.32,5.34,5.50,5.25,5.50,78
2024-06-21,OBFR,5.32,5.25,5.31,5.33,5.40,,,265
2024-06-21,SOFR,5.31,5.28,5.30,5.35,5.41,,,1991
2024-06-24,EFFR,5.33,5.31,5.32,5.34,5.46,5.25,5.50,76
2024-06-24,OBFR,5.32,5.23,5.31,5.33,5.40,,,263
2024-06-24,SOFR,5.31,5.28,5.30,5.36,5.40,,,1992
2024-06-25,EFFR,5.33,5.31,5.32,5.34,5.45,5.25,5.50,85
2024-06-25,OBFR,5.32,5.24,5.31,5.33,5.40,,,252
2024-06-25,SOFR,5.33,5.30,5.32,5.41,5.46,,,1968
2024-06-26,EFFR,5.33,5.31,5.32,5.34,5.45,5.25,5.50,82
2024-06-26,OBFR,5.32,5.25,5.31,5.33,5.40,,,248
2024-06-26,SOFR,5.34,5.30,5.33,5.45,5.50,,,1897
2024-06-27,EFFR,5.33,5.31,5.32,5.34,5.45,5.25,5.50,83
2024-06-27,OBFR,5.32,5.25,5.31,5.33,5.40,,,244
2024-06-27,SOFR,5.34,5.29,5.32,5.41,5.48,,,1888
2024-06-28,EFFR,5.33,5.31,5.32,5.34,5.55,5.25,5.50,67
2024-06-28,OBFR,5.32,5.24,5.31,5.33,5.45,,,157
2024-06-28,SOFR,5.33,5.29,5.32,5.41,5.47,,,2024
2024-07-01,EFFR,5.33,5.31,5.32,5.34,5.45,5.25,5.50,85
2024-07-01,OBFR,5.32,5.25,5.31,5.33,5.40,,,239
2024-07-01,SOFR,5.40,5.29,5.33,5.47,5.51,,,1967
2024-07-02,EFFR,5.33,5.31,5.32,5.34,5.45,5.25,5.50,85
2024-07-02,OBFR,5.32,5.25,5.31,5.33,5.40,,,243
2024-07-02,SOFR,5.35,5.30,5.33,5.46,5.50,,,2110
2024-07-03,EFFR,5.33,5.31,5.32,5.34,5.45,5.25,5.50,88
2024-07-03,OBFR,5.32,5.25,5.31,5.33,5.40,,,257
2024-07-03,SOFR,5.33,5.29,5.32,5.41,5.46,,,2007
2024-07-05,EFFR,5.33,5.31,5.32,5.34,5.45,5.25,5.50,89
2024-07-05,OBFR,5.32,5.25,5.31,5.33,5.40,,,262
2024-07-05,SOFR,5.32,5.29,5.31,5.39,5.44,,,2126
2024-07-08,EFFR,5.33,5.31,5.32,5.34,5.45,5.25,5.50,80
2024-07-08,OBFR,5.32,5.24,5.31,5.33,5.40,,,252
2024-07-08,SOFR,5.32,5.29,5.31,5.39,5.43,,,2090
2024-07-09,EFFR,5.33,5.31,5.32,5.34,5.45,5.25,5.50,84
2024-07-09,OBFR,5.32,5.24,5.31,5.33,5.40,,,252
2024-07-09,SOFR,5.34,5.30,5.33,5.42,5.47,,,1913
2024-07-10,EFFR,5.33,5.31,5.32,5.34,5.45,5.25,5.50,88
2024-07-10,OBFR,5.32,5.25,5.31,5.33,5.40,,,257
2024-07-10,SOFR,5.34,5.30,5.33,5.42,5.46,,,1949
2024-07-11,EFFR,5.33,5.31,5.32,5.34,5.45,5.25,5.50,90
2024-07-11,OBFR,5.32,5.25,5.31,5.33,5.40,,,270
2024-07-11,SOFR,5.34,5.30,5.32,5.41,5.45,,,1920
2024-07-12,EFFR,5.33,5.31,5.32,5.34,5.45,5.25,5.50,88
2024-07-12,OBFR,5.32,5.24,5.31,5.33,5.40,,,263
2024-07-12,SOFR,5.34,5.30,5.32,5.41,5.45,,,1900
2024-07-15,EFFR,5.33,5.31,5.32,5.34,5.45,5.25,5.50,88
2024-07-15,OBFR,5.32,5.24,5.31,5.33,5.40,,,245
2024-07-15,SOFR,5.34,5.30,5.33,5.44,5.48,,,2175
2024-07-16,EFFR,5.33,5.31,5.32,5.34,5.45,5.25,5.50,85
2024-07-16,OBFR,5.32,5.25,5.31,5.33,5.40,,,234
2024-07-16,SOFR,5.35,5.30,5.34,5.45,5.49,,,2061
2024-07-17,EFFR,5.33,5.31,5.33,5.34,5.45,5.25,5.50,80
2024-07-17,OBFR,5.32,5.24,5.31,5.33,5.40,,,235
2024-07-17,SOFR,5.35,5.30,5.34,5.44,5.49,,,2025
2024-07-18,EFFR,5.33,5.31,5.32,5.34,5.35,5.25,5.50,83
2024-07-18,OBFR,5.32,5.24,5.31,5.33,5.40,,,241
2024-07-18,SOFR,5.34,5.30,5.32,5.41,5.46,,,2014
2024-07-19,EFFR,5.33,5.31,5.32,5.34,5.45,5.25,5.50,79
2024-07-19,OBFR,5.32,5.25,5.31,5.33,5.40,,,223
2024-07-19,SOFR,5.34,5.30,5.32,5.41,5.45,,,1992
2024-07-22,EFFR,5.33,5.31,5.32,5.34,5.45,5.25,5.50,84
2024-07-22,OBFR,5.32,5.25,5.31,5.33,5.38,,,226
2024-07-22,SOFR,5.33,5.28,5.32,5.40,5.44,,,2120
2024-07-23,EFFR,5.33,5.31,5.32,5.34,5.45,5.25,5.50,85
2024-07-23,OBFR,5.32,5.25,5.31,5.33,5.40,,,225
2024-07-23,SOFR,5.34,5.30,5.32,5.41,5.45,,,2011
2024-07-24,EFFR,5.33,5.31,5.32,5.34,5.45,5.25,5.50,86
2024-07-24,OBFR,5.32,5.24,5.32,5.33,5.40,,,219
2024-07-24,SOFR,5.34,5.30,5.33,5.42,5.47,,,2083
2024-07-25,EFFR,5.33,5.31,5.32,5.34,5.45,5.25,5.50,88
2024-07-25,OBFR,5.32,5.24,5.31,5.33,5.40,,,226
2024-07-25,SOFR,5.35,5.30,5.34,5.45,5.49,,,2129
2024-07-26,EFFR,5.33,5.31,5.32,5.34,5.44,5.25,5.50,85
2024-07-26,OBFR,5.32,5.24,5.31,5.33,5.40,,,223
2024-07-26,SOFR,5.35,5.30,5.34,5.45,5.50,,,2027
2024-07-29,EFFR,5.33,5.31,5.32,5.33,5.46,5.25,5.50,90
2024-07-29,OBFR,5.32,5.24,5.31,5.33,5.40,,,241
2024-07-29,SOFR,5.33,5.30,5.33,5.41,5.46,,,1982
2024-07-30,EFFR,5.33,5.31,5.32,5.34,5.35,5.25,5.50,87
2024-07-30,OBFR,5.32,5.24,5.32,5.33,5.40,,,240
2024-07-30,SOFR,5.33,5.30,5.32,5.40,5.45,,,1978
2024-07-31,EFFR,5.33,5.31,5.32,5.33,5.45,5.25,5.50,78
2024-07-31,OBFR,5.32,5.24,5.31,5.33,5.40,,,220
2024-07-31,SOFR,5.38,5.30,5.34,5.47,5.51,,,2185
2024-08-01,EFFR,5.33,5.31,5.32,5.34,5.35,5.25,5.50,83
2024-08-01,OBFR,5.32,5.25,5.32,5.33,5.40,,,221
2024-08-01,SOFR,5.35,5.30,5.34,5.46,5.51,,,2211
2024-08-02,EFFR,5.33,5.31,5.32,5.34,5.45,5.25,5.50,89
2024-08-02,OBFR,5.32,5.25,5.32,5.33,5.40,,,234
2024-08-02,SOFR,5.35,5.30,5.33,5.43,5.48,,,2077
2024-08-05,EFFR,5.33,5.31,5.32,5.34,5.45,5.25,5.50,86
2024-08-05,OBFR,5.32,5.25,5.32,5.33,5.40,,,231
2024-08-05,SOFR,5.32,5.29,5.31,5.38,5.42,,,2199
2024-08-06,EFFR,5.33,5.31,5.32,5.34,5.45,5.25,5.50,89
2024-08-06,OBFR,5.32,5.25,5.32,5.33,5.40,,,220
2024-08-06,SOFR,5.33,5.30,5.32,5.40,5.43,,,2086
2024-08-07,EFFR,5.33,5.31,5.32,5.34,5.35,5.25,5.50,96
2024-08-07,OBFR,5.32,5.25,5.32,5.33,5.40,,,231
2024-08-07,SOFR,5.33,5.30,5.32,5.39,5.44,,,2042
2024-08-08,EFFR,5.33,5.31,5.32,5.33,5.35,5.25,5.50,106
2024-08-08,OBFR,5.32,5.25,5.32,5.33,5.40,,,242
2024-08-08,SOFR,5.34,5.30,5.33,5.43,5.47,,,2196
2024-08-09,EFFR,5.33,5.31,5.32,5.33,5.35,5.25,5.50,104
2024-08-09,OBFR,5.32,5.25,5.32,5.33,5.40,,,239
2024-08-09,SOFR,5.34,5.30,5.33,5.42,5.46,,,2170
2024-08-12,EFFR,5.33,5.31,5.32,5.33,5.35,5.25,5.50,102
2024-08-12,OBFR,5.32,5.25,5.32,5.33,5.40,,,247
2024-08-12,SOFR,5.34,5.30,5.33,5.41,5.46,,,2138
2024-08-13,EFFR,5.33,5.31,5.32,5.33,5.35,5.25,5.50,100
2024-08-13,OBFR,5.33,5.25,5.32,5.33,5.40,,,237
2024-08-13,SOFR,5.34,5.30,5.34,5.43,5.48,,,2082
2024-08-14,EFFR,5.33,5.31,5.32,5.33,5.35,5.25,5.50,99
2024-08-14,OBFR,5.32,5.25,5.32,5.33,5.40,,,247
2024-08-14,SOFR,5.33,5.28,5.32,5.39,5.44,,,2108
2024-08-15,EFFR,5.33,5.31,5.32,5.33,5.35,5.25,5.50,96
2024-08-15,OBFR,5.32,5.22,5.32,5.33,5.40,,,253
2024-08-15,SOFR,5.35,5.30,5.32,5.42,5.45,,,2118
2024-08-16,EFFR,5.33,5.31,5.32,5.33,5.35,5.25,5.50,93
2024-08-16,OBFR,5.33,5.25,5.32,5.33,5.40,,,261
2024-08-16,SOFR,5.32,5.29,5.32,5.39,5.43,,,2131
2024-08-19,EFFR,5.33,5.31,5.32,5.33,5.35,5.25,5.50,95
2024-08-19,OBFR,5.33,5.25,5.32,5.33,5.40,,,257
2024-08-19,SOFR,5.32,5.29,5.31,5.38,5.42,,,2118
2024-08-20,EFFR,5.33,5.31,5.32,5.33,5.50,5.25,5.50,90
2024-08-20,OBFR,5.33,5.25,5.32,5.33,5.40,,,257
2024-08-20,SOFR,5.32,5.29,5.31,5.38,5.43,,,2101
2024-08-21,EFFR,5.33,5.31,5.32,5.34,5.45,5.25,5.50,93
2024-08-21,OBFR,5.33,5.27,5.32,5.33,5.40,,,273
2024-08-21,SOFR,5.31,5.28,5.31,5.35,5.39,,,1975
2024-08-22,EFFR,5.33,5.31,5.32,5.33,5.35,5.25,5.50,91
2024-08-22,OBFR,5.32,5.25,5.32,5.33,5.38,,,274
2024-08-22,SOFR,5.31,5.28,5.31,5.37,5.41,,,2037
2024-08-23,EFFR,5.33,5.31,5.32,5.33,5.38,5.25,5.50,93
2024-08-23,OBFR,5.32,5.25,5.32,5.33,5.40,,,275
2024-08-23,SOFR,5.33,5.30,5.32,5.39,5.44,,,2152
2024-08-26,EFFR,5.33,5.31,5.32,5.33,5.45,5.25,5.50,94
2024-08-26,OBFR,5.33,5.27,5.32,5.33,5.40,,,264
2024-08-26,SOFR,5.34,5.30,5.32,5.40,5.44,,,2039
2024-08-27,EFFR,5.33,5.31,5.32,5.34,5.35,5.25,5.50,86
2024-08-27,OBFR,5.33,5.25,5.32,5.34,5.40,,,249
2024-08-27,SOFR,5.35,5.30,5.34,5.46,5.50,,,2227
2024-08-28,EFFR,5.33,5.31,5.32,5.33,5.35,5.25,5.50,95
2024-08-28,OBFR,5.33,5.25,5.32,5.33,5.40,,,245
2024-08-28,SOFR,5.35,5.30,5.34,5.44,5.49,,,2030
2024-08-29,EFFR,5.33,5.31,5.32,5.33,5.35,5.25,5.50,97
2024-08-29,OBFR,5.32,5.24,5.32,5.33,5.38,,,260
2024-08-29,SOFR,5.33,5.29,5.32,5.39,5.46,,,2088
2024-08-30,EFFR,5.33,5.31,5.32,5.33,5.35,5.25,5.50,89
2024-08-30,OBFR,5.32,5.25,5.32,5.33,5.38,,,244
2024-08-30,SOFR,5.32,5.28,5.32,5.38,5.43,,,2011
2024-09-03,EFFR,5.33,5.31,5.32,5.33,5.35,5.25,5.50,100
2024-09-03,OBFR,5.33,5.25,5.32,5.33,5.40,,,238
2024-09-03,SOFR,5.34,5.30,5.33,5.45,5.50,,,2403
2024-09-04,EFFR,5.33,5.31,5.32,5.33,5.35,5.25,5.50,103
2024-09-04,OBFR,5.33,5.27,5.32,5.33,5.40,,,238
2024-09-04,SOFR,5.35,5.30,5.33,5.43,5.46,,,2169
2024-09-05,EFFR,5.33,5.31,5.32,5.33,5.35,5.25,5.50,102
2024-09-05,OBFR,5.33,5.25,5.32,5.33,5.40,,,252
2024-09-05,SOFR,5.35,5.30,5.33,5.43,5.46,,,2205
2024-09-06,EFFR,5.33,5.31,5.32,5.33,5.35,5.25,5.50,100
2024-09-06,OBFR,5.33,5.25,5.32,5.33,5.40,,,250
2024-09-06,SOFR,5.34,5.30,5.33,5.42,5.46,,,2119
2024-09-09,EFFR,5.33,5.31,5.32,5.34,5.35,5.25,5.50,95
2024-09-09,OBFR,5.33,5.25,5.32,5.33,5.40,,,243
2024-09-09,SOFR,5.34,5.29,5.32,5.41,5.45,,,2094
2024-09-10,EFFR,5.33,5.31,5.32,5.33,5.35,5.25,5.50,101
2024-09-10,OBFR,5.33,5.25,5.32,5.33,5.40,,,253
2024-09-10,SOFR,5.33,5.29,5.32,5.38,5.43,,,2161
2024-09-11,EFFR,5.33,5.31,5.32,5.33,5.35,5.25,5.50,105
2024-09-11,OBFR,5.33,5.25,5.32,5.33,5.40,,,251
2024-09-11,SOFR,5.32,5.29,5.31,5.37,5.41,,,2308
2024-09-12,EFFR,5.33,5.31,5.32,5.33,5.35,5.25,5.50,111
2024-09-12,OBFR,5.33,5.24,5.32,5.33,5.40,,,265
2024-09-12,SOFR,5.33,5.28,5.31,5.39,5.42,,,2087
2024-09-13,EFFR,5.33,5.31,5.32,5.33,5.35,5.25,5.50,105
2024-09-13,OBFR,5.33,5.25,5.32,5.33,5.40,,,257
2024-09-13,SOFR,5.33,5.30,5.32,5.39,5.43,,,2232
2024-09-16,EFFR,5.33,5.31,5.32,5.33,5.35,5.25,5.50,96
2024-09-16,OBFR,5.33,5.25,5.32,5.33,5.40,,,249
2024-09-16,SOFR,5.38,5.30,5.33,5.44,5.48,,,2212
2024-09-17,EFFR,5.33,5.31,5.32,5.33,5.35,5.25,5.50,103
2024-09-17,OBFR,5.33,5.25,5.32,5.33,5.38,,,264
2024-09-17,SOFR,5.38,5.30,5.33,5.43,5.47,,,2161
2024-09-18,EFFR,5.33,5.31,5.32,5.33,5.40,5.25,5.50,102
2024-09-18,OBFR,5.33,5.26,5.32,5.33,5.38,,,283
2024-09-18,SOFR,5.33,5.28,5.32,5.38,5.42,,,2194
2024-09-19,EFFR,4.83,4.81,4.82,4.84,4.95,4.75,5.00,90
2024-09-19,OBFR,4.83,4.75,4.82,4.83,4.88,,,281
2024-09-19,SOFR,4.82,4.79,4.81,4.86,5.34,,,2378
2024-09-20,EFFR,4.83,4.81,4.82,4.84,4.95,4.75,5.00,93
2024-09-20,OBFR,4.83,4.75,4.82,4.83,4.88,,,284
2024-09-20,SOFR,4.83,4.78,4.82,4.88,4.92,,,2147
2024-09-23,EFFR,4.83,4.81,4.82,4.84,4.92,4.75,5.00,95
2024-09-23,OBFR,4.83,4.78,4.82,4.83,4.88,,,294
2024-09-23,SOFR,4.83,4.78,4.82,4.89,4.93,,,2198
2024-09-24,EFFR,4.83,4.81,4.82,4.84,4.85,4.75,5.00,94
2024-09-24,OBFR,4.83,4.75,4.82,4.83,4.88,,,269
2024-09-24,SOFR,4.84,4.79,4.83,4.91,4.95,,,2171
2024-09-25,EFFR,4.83,4.81,4.82,4.83,4.85,4.75,5.00,103
2024-09-25,OBFR,4.83,4.75,4.82,4.83,4.88,,,264
2024-09-25,SOFR,4.84,4.79,4.83,4.91,4.95,,,2133
2024-09-26,EFFR,4.83,4.81,4.82,4.84,4.85,4.75,5.00,100
2024-09-26,OBFR,4.83,4.75,4.82,4.83,4.88,,,256
2024-09-26,SOFR,4.83,4.80,4.82,4.89,4.95,,,2329
2024-09-27,EFFR,4.83,4.81,4.82,4.84,4.86,4.75,5.00,94
2024-09-27,OBFR,4.83,4.75,4.82,4.83,4.89,,,248
2024-09-27,SOFR,4.84,4.80,4.83,4.90,4.95,,,2077
2024-09-30,EFFR,4.83,4.80,4.82,4.84,4.95,4.75,5.00,73
2024-09-30,OBFR,4.83,4.73,4.82,4.83,4.90,,,172
2024-09-30,SOFR,4.96,4.83,4.88,5.02,5.45,,,2523
2024-10-01,EFFR,4.83,4.81,4.83,4.84,4.85,4.75,5.00,85
2024-10-01,OBFR,4.83,4.75,4.82,4.83,4.88,,,206
2024-10-01,SOFR,5.05,4.85,4.92,5.14,5.28,,,2395
2024-10-02,EFFR,4.83,4.81,4.83,4.84,4.85,4.75,5.00,81
2024-10-02,OBFR,4.83,4.75,4.82,4.84,4.88,,,204
2024-10-02,SOFR,4.92,4.83,4.87,5.01,5.09,,,2426
2024-10-03,EFFR,4.83,4.81,4.83,4.84,4.85,4.75,5.00,81
2024-10-03,OBFR,4.83,4.75,4.82,4.84,4.88,,,226
2024-10-03,SOFR,4.85,4.80,4.83,4.91,4.96,,,2182
2024-10-04,EFFR,4.83,4.81,4.83,4.84,4.85,4.75,5.00,84
2024-10-04,OBFR,4.83,4.75,4.82,4.84,4.88,,,229
2024-10-04,SOFR,4.83,4.80,4.82,4.89,4.93,,,2377
2024-10-07,EFFR,4.83,4.81,4.83,4.84,4.85,4.75,5.00,86
2024-10-07,OBFR,4.83,4.75,4.82,4.84,4.88,,,222
2024-10-07,SOFR,4.83,4.80,4.82,4.88,4.93,,,2350
2024-10-08,EFFR,4.83,4.81,4.83,4.84,4.85,4.75,5.00,90
2024-10-08,OBFR,4.83,4.75,4.82,4.83,4.88,,,226
2024-10-08,SOFR,4.84,4.80,4.83,4.90,4.94,,,2166
2024-10-09,EFFR,4.83,4.81,4.83,4.84,4.85,4.75,5.00,94
2024-10-09,OBFR,4.83,4.75,4.82,4.83,4.88,,,239
2024-10-09,SOFR,4.83,4.80,4.82,4.88,4.93,,,2220
2024-10-10,EFFR,4.83,4.81,4.82,4.84,4.85,4.75,5.00,98
2024-10-10,OBFR,4.83,4.77,4.82,4.83,4.88,,,258
2024-10-10,SOFR,4.82,4.79,4.81,4.86,4.91,,,2198
2024-10-11,EFFR,4.83,4.81,4.82,4.84,4.85,4.75,5.00,94
2024-10-11,OBFR,4.83,4.75,4.82,4.83,4.88,,,246
2024-10-11,SOFR,4.81,4.79,4.81,4.85,4.89,,,2058
2024-10-15,EFFR,4.83,4.81,4.83,4.84,4.85,4.75,5.00,91
2024-10-15,OBFR,4.83,4.75,4.82,4.83,4.88,,,239
2024-10-15,SOFR,4.86,4.81,4.84,4.94,5.00,,,2272
2024-10-16,EFFR,4.83,4.81,4.83,4.84,4.85,4.75,5.00,97
2024-10-16,OBFR,4.83,4.75,4.82,4.83,4.88,,,250
2024-10-16,SOFR,4.86,4.81,4.84,4.94,4.97,,,2317
2024-10-17,EFFR,4.83,4.81,4.83,4.84,4.85,4.75,5.00,96
2024-10-17,OBFR,4.83,4.75,4.82,4.84,4.88,,,249
2024-10-17,SOFR,4.85,4.81,4.84,4.94,4.98,,,2334
2024-10-18,EFFR,4.83,4.81,4.83,4.84,4.85,4.75,5.00,98
2024-10-18,OBFR,4.83,4.74,4.82,4.84,4.89,,,254
2024-10-18,SOFR,4.84,4.80,4.82,4.90,4.94,,,2168
2024-10-21,EFFR,4.83,4.81,4.83,4.84,4.85,4.75,5.00,96
2024-10-21,OBFR,4.83,4.75,4.82,4.83,4.88,,,258
2024-10-21,SOFR,4.82,4.80,4.81,4.87,4.91,,,2322
2024-10-22,EFFR,4.83,4.81,4.83,4.84,4.85,4.75,5.00,98
2024-10-22,OBFR,4.83,4.75,4.82,4.83,4.88,,,250
2024-10-22,SOFR,4.83,4.79,4.82,4.89,4.92,,,2226
2024-10-23,EFFR,4.83,4.81,4.83,4.84,4.85,4.75,5.00,99
2024-10-23,OBFR,4.83,4.75,4.82,4.83,4.88,,,259
2024-10-23,SOFR,4.83,4.79,4.82,4.89,4.92,,,2129
2024-10-24,EFFR,4.83,4.81,4.82,4.84,4.85,4.75,5.00,98
2024-10-24,OBFR,4.83,4.75,4.82,4.83,4.88,,,264
2024-10-24,SOFR,4.83,4.77,4.83,4.89,4.94,,,2246
2024-10-25,EFFR,4.83,4.81,4.82,4.84,4.90,4.75,5.00,104
2024-10-25,OBFR,4.83,4.75,4.82,4.83,4.89,,,267
2024-10-25,SOFR,4.83,4.79,4.82,4.89,4.94,,,2188
2024-10-28,EFFR,4.83,4.81,4.83,4.84,4.92,4.75,5.00,99
2024-10-28,OBFR,4.83,4.75,4.82,4.83,4.88,,,256
2024-10-28,SOFR,4.82,4.79,4.81,4.88,4.92,,,2194
2024-10-29,EFFR,4.83,4.81,4.83,4.84,4.90,4.75,5.00,100
2024-10-29,OBFR,4.83,4.75,4.82,4.83,4.89,,,264
2024-10-29,SOFR,4.82,4.78,4.81,4.86,4.90,,,2116
2024-10-30,EFFR,4.83,4.81,4.83,4.84,4.85,4.75,5.00,104
2024-10-30,OBFR,4.83,4.75,4.82,4.83,4.88,,,269
2024-10-30,SOFR,4.81,4.78,4.81,4.85,4.89,,,2045
2024-10-31,EFFR,4.83,4.81,4.83,4.84,4.92,4.75,5.00,96
2024-10-31,OBFR,4.83,4.73,4.82,4.83,4.89,,,230
2024-10-31,SOFR,4.90,4.80,4.86,4.98,5.03,,,2244
2024-11-01,EFFR,4.83,4.81,4.83,4.84,4.89,4.75,5.00,99
2024-11-01,OBFR,4.83,4.75,4.82,4.83,4.89,,,257
2024-11-01,SOFR,4.86,4.80,4.84,4.93,4.97,,,2164
2024-11-04,EFFR,4.83,4.81,4.83,4.84,4.90,4.75,5.00,98
2024-11-04,OBFR,4.83,4.78,4.83,4.83,4.90,,,270
2024-11-04,SOFR,4.82,4.79,4.82,4.87,4.91,,,2308
2024-11-05,EFFR,4.83,4.81,4.82,4.84,4.90,4.75,5.00,104
2024-11-05,OBFR,4.83,4.77,4.82,4.83,4.90,,,281
2024-11-05,SOFR,4.82,4.79,4.81,4.85,4.89,,,2235
2024-11-06,EFFR,4.83,4.81,4.82,4.84,4.90,4.75,5.00,102
2024-11-06,OBFR,4.83,4.76,4.82,4.83,4.89,,,285
2024-11-06,SOFR,4.81,4.78,4.81,4.85,4.88,,,2128
2024-11-07,EFFR,4.83,4.81,4.82,4.84,4.90,4.75,5.00,100
2024-11-07,OBFR,4.83,4.75,4.82,4.83,4.88,,,295
2024-11-07,SOFR,4.82,4.79,4.81,4.87,4.91,,,2266
2024-11-08,EFFR,4.58,4.56,4.57,4.59,4.60,4.50,4.75,103
2024-11-08,OBFR,4.58,4.50,4.57,4.58,4.63,,,287
2024-11-08,SOFR,4.60,4.55,4.58,4.66,4.83,,,2184
2024-11-12,EFFR,4.58,4.56,4.57,4.59,4.60,4.50,4.75,101
2024-11-12,OBFR,4.58,4.52,4.57,4.58,4.63,,,294
2024-11-12,SOFR,4.60,4.55,4.58,4.66,4.70,,,2298
2024-11-13,EFFR,4.58,4.56,4.57,4.59,4.65,4.50,4.75,105
2024-11-13,OBFR,4.58,4.52,4.57,4.58,4.63,,,287
2024-11-13,SOFR,4.59,4.55,4.58,4.64,4.69,,,2233
2024-11-14,EFFR,4.58,4.56,4.57,4.59,4.64,4.50,4.75,107
2024-11-14,OBFR,4.58,4.50,4.57,4.58,4.63,,,286
2024-11-14,SOFR,4.58,4.55,4.57,4.62,4.66,,,2177
2024-11-15,EFFR,4.58,4.56,4.57,4.59,4.65,4.50,4.75,104
2024-11-15,OBFR,4.58,4.50,4.57,4.58,4.63,,,282
2024-11-15,SOFR,4.57,4.55,4.56,4.62,4.65,,,2425
2024-11-18,EFFR,4.58,4.56,4.57,4.59,4.60,4.50,4.75,103
2024-11-18,OBFR,4.58,4.50,4.57,4.58,4.68,,,281
2024-11-18,SOFR,4.57,4.54,4.56,4.62,4.65,,,2297
2024-11-19,EFFR,4.58,4.56,4.57,4.59,4.60,4.50,4.75,99
2024-11-19,OBFR,4.58,4.52,4.57,4.58,4.64,,,269
2024-11-19,SOFR,4.57,4.55,4.56,4.62,4.66,,,2275
2024-11-20,EFFR,4.58,4.56,4.57,4.59,4.60,4.50,4.75,102
2024-11-20,OBFR,4.58,4.52,4.57,4.58,4.63,,,277
2024-11-20,SOFR,4.56,4.54,4.56,4.61,4.65,,,2155
2024-11-21,EFFR,4.58,4.56,4.57,4.59,4.60,4.50,4.75,101
2024-11-21,OBFR,4.58,4.50,4.57,4.58,4.63,,,281
2024-11-21,SOFR,4.57,4.55,4.56,4.62,4.66,,,2291
2024-11-22,EFFR,4.58,4.56,4.57,4.59,4.70,4.50,4.75,100
2024-11-22,OBFR,4.58,4.50,4.57,4.58,4.64,,,281
2024-11-22,SOFR,4.57,4.53,4.56,4.62,4.66,,,2188
2024-11-25,EFFR,4.58,4.56,4.58,4.59,4.60,4.50,4.75,103
2024-11-25,OBFR,4.58,4.51,4.57,4.58,4.64,,,283
2024-11-25,SOFR,4.58,4.55,4.57,4.64,4.69,,,2206
2024-11-26,EFFR,4.58,4.56,4.57,4.59,4.60,4.50,4.75,101
2024-11-26,OBFR,4.58,4.52,4.57,4.58,4.64,,,279
2024-11-26,SOFR,4.58,4.54,4.57,4.64,4.69,,,2214
2024-11-27,EFFR,4.58,4.56,4.57,4.59,4.60,4.50,4.75,103
2024-11-27,OBFR,4.58,4.52,4.57,4.58,4.64,,,279
2024-11-27,SOFR,4.57,4.54,4.56,4.63,4.66,,,2136
2024-11-29,EFFR,4.58,4.55,4.58,4.59,4.60,4.50,4.75,95
2024-11-29,OBFR,4.58,4.50,4.57,4.58,4.66,,,254
2024-11-29,SOFR,4.59,4.55,4.58,4.66,4.70,,,2209
2024-12-02,EFFR,4.58,4.56,4.58,4.59,4.64,4.50,4.75,92
2024-12-02,OBFR,4.58,4.51,4.57,4.58,4.64,,,256
2024-12-02,SOFR,4.64,4.57,4.60,4.72,4.75,,,2440
2024-12-03,EFFR,4.58,4.56,4.57,4.59,4.60,4.50,4.75,94
2024-12-03,OBFR,4.58,4.52,4.57,4.58,4.65,,,248
2024-12-03,SOFR,4.64,4.55,4.60,4.70,4.75,,,2329
2024-12-04,EFFR,4.58,4.56,4.58,4.59,4.60,4.50,4.75,99
2024-12-04,OBFR,4.58,4.53,4.57,4.58,4.65,,,261
2024-12-04,SOFR,4.59,4.55,4.58,4.66,4.69,,,2265
2024-12-05,EFFR,4.58,4.56,4.57,4.59,4.60,4.50,4.75,109
2024-12-05,OBFR,4.58,4.50,4.57,4.58,4.65,,,280
2024-12-05,SOFR,4.59,4.55,4.57,4.65,4.68,,,2325
2024-12-06,EFFR,4.58,4.56,4.57,4.59,4.60,4.50,4.75,107
2024-12-06,OBFR,4.58,4.50,4.57,4.58,4.63,,,270
2024-12-06,SOFR,4.60,4.55,4.58,4.68,4.70,,,2277
2024-12-09,EFFR,4.58,4.56,4.58,4.59,4.60,4.50,4.75,100
2024-12-09,OBFR,4.58,4.52,4.57,4.58,4.63,,,258
2024-12-09,SOFR,4.63,4.56,4.60,4.69,4.74,,,2305
2024-12-10,EFFR,4.58,4.56,4.58,4.59,4.70,4.50,4.75,102
2024-12-10,OBFR,4.58,4.52,4.57,4.59,4.66,,,230
2024-12-10,SOFR,4.64,4.56,4.61,4.72,4.76,,,2308
2024-12-11,EFFR,4.58,4.56,4.58,4.59,4.60,4.50,4.75,106
2024-12-11,OBFR,4.58,4.52,4.58,4.59,4.66,,,244
2024-12-11,SOFR,4.62,4.56,4.60,4.68,4.72,,,2287
2024-12-12,EFFR,4.58,4.56,4.58,4.59,4.60,4.50,4.75,111
2024-12-12,OBFR,4.58,4.50,4.57,4.58,4.65,,,259
2024-12-12,SOFR,4.62,4.55,4.60,4.68,4.72,,,2262
2024-12-13,EFFR,4.58,4.56,4.58,4.59,4.60,4.50,4.75,102
2024-12-13,OBFR,4.58,4.50,4.57,4.59,4.65,,,249
2024-12-13,SOFR,4.60,4.55,4.59,4.66,4.70,,,2255
2024-12-16,EFFR,4.58,4.56,4.58,4.59,4.60,4.50,4.75,99
2024-12-16,OBFR,4.58,4.50,4.57,4.59,4.65,,,224
2024-12-16,SOFR,4.65,4.56,4.61,4.71,4.75,,,2360
2024-12-17,EFFR,4.58,4.56,4.58,4.59,4.60,4.50,4.75,103
2024-12-17,OBFR,4.58,4.52,4.57,4.59,4.65,,,225
2024-12-17,SOFR,4.62,4.55,4.59,4.68,4.71,,,2341
2024-12-18,EFFR,4.58,4.56,4.58,4.59,4.60,4.50,4.75,112
2024-12-18,OBFR,4.58,4.50,4.57,4.59,4.65,,,251
2024-12-18,SOFR,4.57,4.55,4.56,4.62,4.66,,,2291
2024-12-19,EFFR,4.33,4.31,4.33,4.34,4.35,4.25,4.50,104
2024-12-19,OBFR,4.33,4.22,4.32,4.33,4.40,,,266
2024-12-19,SOFR,4.30,4.25,4.27,4.35,4.58,,,2390
2024-12-20,EFFR,4.33,4.31,4.33,4.34,4.35,4.25,4.50,113
2024-12-20,OBFR,4.33,4.25,4.32,4.33,4.38,,,272
2024-12-20,SOFR,4.30,4.25,4.28,4.37,4.40,,,2330
2024-12-23,EFFR,4.33,4.31,4.33,4.33,4.35,4.25,4.50,119
2024-12-23,OBFR,4.33,4.25,4.32,4.33,4.40,,,282
2024-12-23,SOFR,4.31,4.25,4.30,4.38,4.43,,,2337
2024-12-24,EFFR,4.33,4.31,4.33,4.33,4.35,4.25,4.50,118
2024-12-24,OBFR,4.33,4.25,4.32,4.34,4.40,,,252
2024-12-24,SOFR,4.40,4.31,4.39,4.50,4.58,,,2282
2024-12-26,EFFR,4.33,4.31,4.32,4.33,4.35,4.25,4.50,128
2024-12-26,OBFR,4.33,4.25,4.32,4.34,4.40,,,261
2024-12-26,SOFR,4.53,4.35,4.50,4.70,4.80,,,2320
2024-12-27,EFFR,4.33,4.31,4.33,4.34,4.35,4.25,4.50,119
2024-12-27,OBFR,4.33,4.28,4.33,4.34,4.43,,,271
2024-12-27,SOFR,4.46,4.30,4.45,4.62,4.73,,,2275
2024-12-30,EFFR,4.33,4.31,4.33,4.33,4.35,4.25,4.50,108
2024-12-30,OBFR,4.33,4.27,4.32,4.34,4.38,,,250
2024-12-30,SOFR,4.37,4.30,4.35,4.48,4.55,,,2290
2024-12-31,EFFR,4.33,4.31,4.33,4.35,4.45,4.25,4.50,53
2024-12-31,OBFR,4.33,4.20,4.33,4.34,4.40,,,111
2024-12-31,SOFR,4.49,4.36,4.45,4.65,4.75,,,2474
