date,estr,obs_status,conf_status
2024-01-02,3.906,A,F
2024-01-03,3.904,A,F
2024-01-04,3.902,A,F
2024-01-05,3.905,A,F
2024-01-08,3.904,A,F
2024-01-09,3.904,A,F
2024-01-10,3.906,A,F
2024-01-11,3.905,A,F
2024-01-12,3.904,A,F
2024-01-15,3.902,A,F
2024-01-16,3.905,A,F
2024-01-17,3.904,A,F
2024-01-18,3.907,A,F
2024-01-19,3.904,A,F
2024-01-22,3.902,A,F
2024-01-23,3.902,A,F
2024-01-24,3.905,A,F
2024-01-25,3.905,A,F
2024-01-26,3.904,A,F
2024-01-29,3.907,A,F
2024-01-30,3.907,A,F
2024-01-31,3.894,A,F
2024-02-01,3.905,A,F
2024-02-02,3.906,A,F
2024-02-05,3.907,A,F
2024-02-06,3.908,A,F
2024-02-07,3.908,A,F
2024-02-08,3.908,A,F
2024-02-09,3.91,A,F
2024-02-12,3.909,A,F
2024-02-13,3.909,A,F
2024-02-14,3.911,A,F
2024-02-15,3.911,A,F
2024-02-16,3.909,A,F
2024-02-19,3.91,A,F
2024-02-20,3.911,A,F
2024-02-21,3.91,A,F
2024-02-22,3.909,A,F
2024-02-23,3.907,A,F
2024-02-26,3.904,A,F
2024-02-27,3.905,A,F
2024-02-28,3.906,A,F
2024-02-29,3.887,A,F
2024-03-01,3.904,A,F
2024-03-04,3.903,A,F
2024-03-05,3.911,A,F
2024-03-06,3.905,A,F
2024-03-07,3.908,A,F
2024-03-08,3.907,A,F
2024-03-11,3.904,A,F
2024-03-12,3.905,A,F
2024-03-13,3.907,A,F
2024-03-14,3.908,A,F
2024-03-15,3.909,A,F
2024-03-18,3.909,A,F
2024-03-19,3.908,A,F
2024-03-20,3.908,A,F
2024-03-21,3.907,A,F
2024-03-22,3.909,A,F
2024-03-25,3.909,A,F
2024-03-26,3.906,A,F
2024-03-27,3.906,A,F
2024-03-28,3.899,A,F
2024-04-02,3.906,A,F
2024-04-03,3.911,A,F
2024-04-04,3.912,A,F
2024-04-05,3.907,A,F
2024-04-08,3.908,A,F
2024-04-09,3.909,A,F
2024-04-10,3.907,A,F
2024-04-11,3.907,A,F
2024-04-12,3.91,A,F
2024-04-15,3.907,A,F
2024-04-16,3.911,A,F
2024-04-17,3.908,A,F
2024-04-18,3.909,A,F
2024-04-19,3.91,A,F
2024-04-22,3.91,A,F
2024-04-23,3.908,A,F
2024-04-24,3.911,A,F
2024-04-25,3.909,A,F
2024-04-26,3.907,A,F
2024-04-29,3.906,A,F
2024-04-30,3.889,A,F
2024-05-02,3.91,A,F
2024-05-03,3.908,A,F
2024-05-06,3.909,A,F
2024-05-07,3.906,A,F
2024-05-08,3.905,A,F
2024-05-09,3.901,A,F
2024-05-10,3.906,A,F
2024-05-13,3.907,A,F
2024-05-14,3.907,A,F
2024-05-15,3.908,A,F
2024-05-16,3.904,A,F
2024-05-17,3.901,A,F
2024-05-20,3.904,A,F
2024-05-21,3.912,A,F
2024-05-22,3.91,A,F
2024-05-23,3.912,A,F
2024-05-24,3.91,A,F
2024-05-27,3.911,A,F
2024-05-28,3.909,A,F
2024-05-29,3.909,A,F
2024-05-30,3.91,A,F
2024-05-31,3.892,A,F
2024-06-03,3.913,A,F
2024-06-04,3.911,A,F
2024-06-05,3.913,A,F
2024-06-06,3.911,A,F
2024-06-07,3.912,A,F
2024-06-10,3.912,A,F
2024-06-11,3.909,A,F
2024-06-12,3.662,A,F
2024-06-13,3.661,A,F
2024-06-14,3.662,A,F
2024-06-17,3.662,A,F
2024-06-18,3.666,A,F
2024-06-19,3.663,A,F
2024-06-20,3.663,A,F
2024-06-21,3.664,A,F
2024-06-24,3.663,A,F
2024-06-25,3.663,A,F
2024-06-26,3.661,A,F
2024-06-27,3.662,A,F
2024-06-28,3.656,A,F
2024-07-01,3.665,A,F
2024-07-02,3.662,A,F
2024-07-03,3.663,A,F
2024-07-04,3.663,A,F
2024-07-05,3.663,A,F
2024-07-08,3.662,A,F
2024-07-09,3.662,A,F
2024-07-10,3.663,A,F
2024-07-11,3.662,A,F
2024-07-12,3.661,A,F
2024-07-15,3.661,A,F
2024-07-16,3.662,A,F
2024-07-17,3.662,A,F
2024-07-18,3.663,A,F
2024-07-19,3.663,A,F
2024-07-22,3.664,A,F
2024-07-23,3.665,A,F
2024-07-24,3.665,A,F
2024-07-25,3.665,A,F
2024-07-26,3.663,A,F
2024-07-29,3.663,A,F
2024-07-30,3.665,A,F
2024-07-31,3.653,A,F
2024-08-01,3.664,A,F
2024-08-02,3.664,A,F
2024-08-05,3.664,A,F
2024-08-06,3.663,A,F
2024-08-07,3.663,A,F
2024-08-08,3.665,A,F
2024-08-09,3.663,A,F
2024-08-12,3.664,A,F
2024-08-13,3.664,A,F
2024-08-14,3.662,A,F
2024-08-15,3.662,A,F
2024-08-16,3.664,A,F
2024-08-19,3.664,A,F
2024-08-20,3.664,A,F
2024-08-21,3.663,A,F
2024-08-22,3.664,A,F
2024-08-23,3.664,A,F
2024-08-26,3.665,A,F
2024-08-27,3.665,A,F
2024-08-28,3.666,A,F
2024-08-29,3.664,A,F
2024-08-30,3.654,A,F
2024-09-02,3.664,A,F
2024-09-03,3.663,A,F
2024-09-04,3.663,A,F
2024-09-05,3.662,A,F
2024-09-06,3.663,A,F
2024-09-09,3.663,A,F
2024-09-10,3.664,A,F
2024-09-11,3.664,A,F
2024-09-12,3.664,A,F
2024-09-13,3.663,A,F
2024-09-16,3.662,A,F
2024-09-17,3.665,A,F
2024-09-18,3.416,A,F
2024-09-19,3.414,A,F
2024-09-20,3.412,A,F
2024-09-23,3.414,A,F
2024-09-24,3.415,A,F
2024-09-25,3.416,A,F
2024-09-26,3.415,A,F
2024-09-27,3.415,A,F
2024-09-30,3.41,A,F
2024-10-01,3.416,A,F
2024-10-02,3.41,A,F
2024-10-03,3.407,A,F
2024-10-04,3.414,A,F
2024-10-07,3.413,A,F
2024-10-08,3.414,A,F
2024-10-09,3.415,A,F
2024-10-10,3.414,A,F
2024-10-11,3.413,A,F
2024-10-14,3.413,A,F
2024-10-15,3.413,A,F
2024-10-16,3.414,A,F
2024-10-17,3.415,A,F
2024-10-18,3.415,A,F
2024-10-21,3.415,A,F
2024-10-22,3.416,A,F
2024-10-23,3.166,A,F
2024-10-24,3.166,A,F
2024-10-25,3.166,A,F
2024-10-28,3.164,A,F
2024-10-29,3.164,A,F
2024-10-30,3.165,A,F
2024-10-31,3.155,A,F
2024-11-01,3.163,A,F
2024-11-04,3.163,A,F
2024-11-05,3.163,A,F
2024-11-06,3.162,A,F
2024-11-07,3.163,A,F
2024-11-08,3.163,A,F
2024-11-11,3.162,A,F
2024-11-12,3.163,A,F
2024-11-13,3.164,A,F
2024-11-14,3.165,A,F
2024-11-15,3.165,A,F
2024-11-18,3.165,A,F
2024-11-19,3.166,A,F
2024-11-20,3.167,A,F
2024-11-21,3.167,A,F
2024-11-22,3.168,A,F
2024-11-25,3.167,A,F
2024-11-26,3.165,A,F
2024-11-27,3.165,A,F
2024-11-28,3.164,A,F
2024-11-29,3.163,A,F
2024-12-02,3.165,A,F
2024-12-03,3.164,A,F
2024-12-04,3.165,A,F
2024-12-05,3.165,A,F
2024-12-06,3.165,A,F
2024-12-09,3.164,A,F
2024-12-10,3.163,A,F
2024-12-11,3.164,A,F
2024-12-12,3.164,A,F
2024-12-13,3.167,A,F
2024-12-16,3.165,A,F
2024-12-17,3.164,A,F
2024-12-18,2.917,A,F
2024-12-19,2.919,A,F
2024-12-20,2.916,A,F
2024-12-23,2.911,A,F
2024-12-24,2.909,A,F
2024-12-27,2.916,A,F
2024-12-30,2.915,A,F
2024-12-31,2.905,A,F
