date,y2_pct,y5_pct,y10_pct,y30_pct,delta_2y_bp,delta_5y_bp,delta_10y_bp,delta_30y_bp,slope_10y_2y_bp,curvature_5y_bp
2024-01-03,4.33,3.90,3.91,4.05,0.00,-3.00,-4.00,-3.00,-42.00,-44.00
2024-01-04,4.38,3.97,3.99,4.13,5.00,7.00,8.00,8.00,-39.00,-43.00
2024-01-05,4.40,4.02,4.05,4.21,2.00,5.00,6.00,8.00,-35.00,-41.00
2024-01-08,4.36,3.97,4.01,4.17,-4.00,-5.00,-4.00,-4.00,-35.00,-43.00
2024-01-09,4.36,3.97,4.02,4.18,0.00,0.00,1.00,1.00,-34.00,-44.00
2024-01-10,4.37,3.99,4.04,4.20,1.00,2.00,2.00,2.00,-33.00,-43.00
2024-01-11,4.26,3.90,3.98,4.18,-11.00,-9.00,-6.00,-2.00,-28.00,-44.00
2024-01-12,4.14,3.84,3.96,4.20,-12.00,-6.00,-2.00,2.00,-18.00,-42.00
2024-01-16,4.22,3.95,4.07,4.30,8.00,11.00,11.00,10.00,-15.00,-39.00
2024-01-17,4.34,4.02,4.10,4.31,12.00,7.00,3.00,1.00,-24.00,-40.00
2024-01-18,4.34,4.04,4.14,4.37,0.00,2.00,4.00,6.00,-20.00,-40.00
2024-01-19,4.39,4.08,4.15,4.36,5.00,4.00,1.00,-1.00,-24.00,-38.00
2024-01-22,4.37,4.03,4.11,4.32,-2.00,-5.00,-4.00,-4.00,-26.00,-42.00
2024-01-23,4.31,4.06,4.14,4.38,-6.00,3.00,3.00,6.00,-17.00,-33.00
2024-01-24,4.34,4.06,4.18,4.41,3.00,0.00,4.00,3.00,-16.00,-40.00
2024-01-25,4.28,4.01,4.14,4.38,-6.00,-5.00,-4.00,-3.00,-14.00,-40.00
2024-01-26,4.34,4.04,4.15,4.38,6.00,3.00,1.00,0.00,-19.00,-41.00
2024-01-29,4.29,3.97,4.08,4.31,-5.00,-7.00,-7.00,-7.00,-21.00,-43.00
2024-01-30,4.36,4.00,4.06,4.28,7.00,3.00,-2.00,-3.00,-30.00,-42.00
2024-01-31,4.27,3.91,3.99,4.22,-9.00,-9.00,-7.00,-6.00,-28.00,-44.00
2024-02-01,4.20,3.80,3.87,4.10,-7.00,-11.00,-12.00,-12.00,-33.00,-47.00
2024-02-02,4.36,3.99,4.03,4.22,16.00,19.00,16.00,12.00,-33.00,-41.00
2024-02-05,4.46,4.13,4.17,4.35,10.00,14.00,14.00,13.00,-29.00,-37.00
2024-02-06,4.39,4.03,4.09,4.29,-7.00,-10.00,-8.00,-6.00,-30.00,-42.00
2024-02-07,4.41,4.06,4.09,4.31,2.00,3.00,0.00,2.00,-32.00,-38.00
2024-02-08,4.46,4.12,4.15,4.36,5.00,6.00,6.00,5.00,-31.00,-37.00
2024-02-09,4.48,4.14,4.17,4.37,2.00,2.00,2.00,1.00,-31.00,-37.00
2024-02-12,4.46,4.13,4.17,4.37,-2.00,-1.00,0.00,0.00,-29.00,-37.00
2024-02-13,4.64,4.31,4.31,4.46,18.00,18.00,14.00,9.00,-33.00,-33.00
2024-02-14,4.56,4.25,4.27,4.45,-8.00,-6.00,-4.00,-1.00,-29.00,-33.00
2024-02-15,4.56,4.22,4.24,4.42,0.00,-3.00,-3.00,-3.00,-32.00,-36.00
2024-02-16,4.64,4.29,4.30,4.45,8.00,7.00,6.00,3.00,-34.00,-36.00
2024-02-20,4.59,4.25,4.27,4.44,-5.00,-4.00,-3.00,-1.00,-32.00,-36.00
2024-02-21,4.64,4.30,4.32,4.49,5.00,5.00,5.00,5.00,-32.00,-36.00
2024-02-22,4.69,4.33,4.33,4.47,5.00,3.00,1.00,-2.00,-36.00,-36.00
2024-02-23,4.67,4.28,4.26,4.37,-2.00,-5.00,-7.00,-10.00,-41.00,-37.00
2024-02-26,4.69,4.29,4.28,4.40,2.00,1.00,2.00,3.00,-41.00,-39.00
2024-02-27,4.70,4.32,4.31,4.44,1.00,3.00,3.00,4.00,-39.00,-37.00
2024-02-28,4.64,4.26,4.27,4.40,-6.00,-6.00,-4.00,-4.00,-37.00,-39.00
2024-02-29,4.64,4.26,4.25,4.38,0.00,0.00,-2.00,-2.00,-39.00,-37.00
2024-03-01,4.54,4.17,4.19,4.33,-10.00,-9.00,-6.00,-5.00,-35.00,-39.00
2024-03-04,4.61,4.21,4.22,4.36,7.00,4.00,3.00,3.00,-39.00,-41.00
2024-03-05,4.54,4.13,4.13,4.27,-7.00,-8.00,-9.00,-9.00,-41.00,-41.00
2024-03-06,4.55,4.12,4.11,4.24,1.00,-1.00,-2.00,-3.00,-44.00,-42.00
2024-03-07,4.50,4.07,4.09,4.25,-5.00,-5.00,-2.00,1.00,-41.00,-45.00
2024-03-08,4.48,4.06,4.09,4.26,-2.00,-1.00,0.00,1.00,-39.00,-45.00
2024-03-11,4.51,4.08,4.10,4.26,3.00,2.00,1.00,0.00,-41.00,-45.00
2024-03-12,4.58,4.15,4.16,4.31,7.00,7.00,6.00,5.00,-42.00,-44.00
2024-03-13,4.61,4.19,4.19,4.35,3.00,4.00,3.00,4.00,-42.00,-42.00
2024-03-14,4.68,4.29,4.29,4.44,7.00,10.00,10.00,9.00,-39.00,-39.00
2024-03-15,4.72,4.33,4.31,4.43,4.00,4.00,2.00,-1.00,-41.00,-37.00
2024-03-18,4.73,4.36,4.34,4.46,1.00,3.00,3.00,3.00,-39.00,-35.00
2024-03-19,4.68,4.31,4.30,4.44,-5.00,-5.00,-4.00,-2.00,-38.00,-36.00
2024-03-20,4.59,4.25,4.27,4.45,-9.00,-6.00,-3.00,1.00,-32.00,-36.00
2024-03-21,4.62,4.26,4.27,4.44,3.00,1.00,0.00,-1.00,-35.00,-37.00
2024-03-22,4.59,4.20,4.22,4.39,-3.00,-6.00,-5.00,-5.00,-37.00,-41.00
2024-03-25,4.54,4.23,4.25,4.42,-5.00,3.00,3.00,3.00,-29.00,-33.00
2024-03-26,4.56,4.22,4.24,4.40,2.00,-1.00,-1.00,-2.00,-32.00,-36.00
2024-03-27,4.54,4.18,4.20,4.36,-2.00,-4.00,-4.00,-4.00,-34.00,-38.00
2024-03-28,4.59,4.21,4.20,4.34,5.00,3.00,0.00,-2.00,-39.00,-37.00
2024-04-01,4.72,4.34,4.33,4.47,13.00,13.00,13.00,13.00,-39.00,-37.00
2024-04-02,4.70,4.35,4.36,4.51,-2.00,1.00,3.00,4.00,-34.00,-36.00
2024-04-03,4.68,4.34,4.36,4.51,-2.00,-1.00,0.00,0.00,-32.00,-36.00
2024-04-04,4.65,4.30,4.31,4.47,-3.00,-4.00,-5.00,-4.00,-34.00,-36.00
2024-04-05,4.73,4.38,4.39,4.54,8.00,8.00,8.00,7.00,-34.00,-36.00
2024-04-08,4.78,4.43,4.42,4.55,5.00,5.00,3.00,1.00,-36.00,-34.00
2024-04-09,4.74,4.37,4.36,4.50,-4.00,-6.00,-6.00,-5.00,-38.00,-36.00
2024-04-10,4.97,4.61,4.55,4.64,23.00,24.00,19.00,14.00,-42.00,-30.00
2024-04-11,4.93,4.61,4.56,4.65,-4.00,0.00,1.00,1.00,-37.00,-27.00
2024-04-12,4.88,4.54,4.50,4.61,-5.00,-7.00,-6.00,-4.00,-38.00,-30.00
2024-04-15,4.93,4.65,4.63,4.74,5.00,11.00,13.00,13.00,-30.00,-26.00
2024-04-16,4.97,4.69,4.67,4.77,4.00,4.00,4.00,3.00,-30.00,-26.00
2024-04-17,4.93,4.62,4.59,4.71,-4.00,-7.00,-8.00,-6.00,-34.00,-28.00
2024-04-18,4.98,4.68,4.64,4.74,5.00,6.00,5.00,3.00,-34.00,-26.00
2024-04-19,4.97,4.66,4.62,4.72,-1.00,-2.00,-2.00,-2.00,-35.00,-27.00
2024-04-22,4.97,4.66,4.62,4.72,0.00,0.00,0.00,0.00,-35.00,-27.00
2024-04-23,4.86,4.63,4.61,4.73,-11.00,-3.00,-1.00,1.00,-25.00,-21.00
2024-04-24,4.89,4.64,4.65,4.78,3.00,1.00,4.00,5.00,-24.00,-26.00
2024-04-25,4.96,4.70,4.70,4.82,7.00,6.00,5.00,4.00,-26.00,-26.00
2024-04-26,4.96,4.68,4.67,4.78,0.00,-2.00,-3.00,-4.00,-29.00,-27.00
2024-04-29,4.97,4.65,4.63,4.75,1.00,-3.00,-4.00,-3.00,-34.00,-30.00
2024-04-30,5.04,4.72,4.69,4.79,7.00,7.00,6.00,4.00,-35.00,-29.00
2024-05-01,4.96,4.64,4.63,4.74,-8.00,-8.00,-6.00,-5.00,-33.00,-31.00
2024-05-02,4.87,4.57,4.58,4.72,-9.00,-7.00,-5.00,-2.00,-29.00,-31.00
2024-05-03,4.81,4.48,4.50,4.66,-6.00,-9.00,-8.00,-6.00,-31.00,-35.00
2024-05-06,4.82,4.48,4.49,4.64,1.00,0.00,-1.00,-2.00,-33.00,-35.00
2024-05-07,4.82,4.48,4.47,4.61,0.00,0.00,-2.00,-3.00,-35.00,-33.00
2024-05-08,4.84,4.50,4.48,4.64,2.00,2.00,1.00,3.00,-36.00,-32.00
2024-05-09,4.80,4.47,4.45,4.60,-4.00,-3.00,-3.00,-4.00,-35.00,-31.00
2024-05-10,4.87,4.52,4.50,4.64,7.00,5.00,5.00,4.00,-37.00,-33.00
2024-05-13,4.85,4.50,4.48,4.63,-2.00,-2.00,-2.00,-1.00,-37.00,-33.00
2024-05-14,4.81,4.46,4.45,4.59,-4.00,-4.00,-3.00,-4.00,-36.00,-34.00
2024-05-15,4.73,4.35,4.36,4.52,-8.00,-11.00,-9.00,-7.00,-37.00,-39.00
2024-05-16,4.78,4.40,4.38,4.52,5.00,5.00,2.00,0.00,-40.00,-36.00
2024-05-17,4.83,4.44,4.42,4.56,5.00,4.00,4.00,4.00,-41.00,-37.00
2024-05-20,4.82,4.46,4.44,4.58,-1.00,2.00,2.00,2.00,-38.00,-34.00
2024-05-21,4.82,4.43,4.41,4.55,0.00,-3.00,-3.00,-3.00,-41.00,-37.00
2024-05-22,4.86,4.47,4.43,4.55,4.00,4.00,2.00,0.00,-43.00,-35.00
2024-05-23,4.91,4.52,4.47,4.58,5.00,5.00,4.00,3.00,-44.00,-34.00
2024-05-24,4.93,4.53,4.46,4.57,2.00,1.00,-1.00,-1.00,-47.00,-33.00
2024-05-28,4.94,4.56,4.54,4.66,1.00,3.00,8.00,9.00,-40.00,-36.00
2024-05-29,4.96,4.63,4.61,4.74,2.00,7.00,7.00,8.00,-35.00,-31.00
2024-05-30,4.92,4.57,4.55,4.69,-4.00,-6.00,-6.00,-5.00,-37.00,-33.00
2024-05-31,4.89,4.52,4.51,4.65,-3.00,-5.00,-4.00,-4.00,-38.00,-36.00
2024-06-03,4.82,4.42,4.41,4.55,-7.00,-10.00,-10.00,-10.00,-41.00,-39.00
2024-06-04,4.77,4.35,4.33,4.48,-5.00,-7.00,-8.00,-7.00,-44.00,-40.00
2024-06-05,4.72,4.31,4.29,4.44,-5.00,-4.00,-4.00,-4.00,-43.00,-39.00
2024-06-06,4.72,4.29,4.28,4.43,0.00,-2.00,-1.00,-1.00,-44.00,-42.00
2024-06-07,4.87,4.46,4.43,4.55,15.00,17.00,15.00,12.00,-44.00,-38.00
2024-06-10,4.87,4.48,4.47,4.59,0.00,2.00,4.00,4.00,-40.00,-38.00
2024-06-11,4.81,4.41,4.39,4.53,-6.00,-7.00,-8.00,-6.00,-42.00,-38.00
2024-06-12,4.75,4.32,4.31,4.47,-6.00,-9.00,-8.00,-6.00,-44.00,-42.00
2024-06-13,4.68,4.24,4.24,4.40,-7.00,-8.00,-7.00,-7.00,-44.00,-44.00
2024-06-14,4.67,4.22,4.20,4.34,-1.00,-2.00,-4.00,-6.00,-47.00,-43.00
2024-06-17,4.75,4.30,4.28,4.40,8.00,8.00,8.00,6.00,-47.00,-43.00
2024-06-18,4.69,4.24,4.22,4.36,-6.00,-6.00,-6.00,-4.00,-47.00,-43.00
2024-06-20,4.70,4.26,4.25,4.39,1.00,2.00,3.00,3.00,-45.00,-43.00
2024-06-21,4.70,4.26,4.25,4.39,0.00,0.00,0.00,0.00,-45.00,-43.00
2024-06-24,4.71,4.27,4.25,4.38,1.00,1.00,0.00,-1.00,-46.00,-42.00
2024-06-25,4.65,4.25,4.23,4.36,-6.00,-2.00,-2.00,-2.00,-42.00,-38.00
2024-06-26,4.71,4.32,4.32,4.45,6.00,7.00,9.00,9.00,-39.00,-39.00
2024-06-27,4.70,4.29,4.29,4.43,-1.00,-3.00,-3.00,-2.00,-41.00,-41.00
2024-06-28,4.71,4.33,4.36,4.51,1.00,4.00,7.00,8.00,-35.00,-41.00
2024-07-01,4.77,4.44,4.48,4.64,6.00,11.00,12.00,13.00,-29.00,-37.00
2024-07-02,4.74,4.39,4.43,4.60,-3.00,-5.00,-5.00,-4.00,-31.00,-39.00
2024-07-03,4.71,4.33,4.36,4.53,-3.00,-6.00,-7.00,-7.00,-35.00,-41.00
2024-07-05,4.60,4.22,4.28,4.47,-11.00,-11.00,-8.00,-6.00,-32.00,-44.00
2024-07-08,4.62,4.23,4.28,4.46,2.00,1.00,0.00,-1.00,-34.00,-44.00
2024-07-09,4.62,4.24,4.30,4.49,0.00,1.00,2.00,3.00,-32.00,-44.00
2024-07-10,4.62,4.24,4.28,4.47,0.00,0.00,-2.00,-2.00,-34.00,-42.00
2024-07-11,4.50,4.13,4.20,4.41,-12.00,-11.00,-8.00,-6.00,-30.00,-44.00
2024-07-12,4.45,4.10,4.18,4.39,-5.00,-3.00,-2.00,-2.00,-27.00,-43.00
2024-07-15,4.44,4.13,4.23,4.46,-1.00,3.00,5.00,7.00,-21.00,-41.00
2024-07-16,4.43,4.09,4.17,4.38,-1.00,-4.00,-6.00,-8.00,-26.00,-42.00
2024-07-17,4.42,4.07,4.16,4.37,-1.00,-2.00,-1.00,-1.00,-26.00,-44.00
2024-07-18,4.46,4.11,4.20,4.41,4.00,4.00,4.00,4.00,-26.00,-44.00
2024-07-19,4.49,4.16,4.25,4.45,3.00,5.00,5.00,4.00,-24.00,-42.00
2024-07-22,4.50,4.17,4.26,4.48,1.00,1.00,1.00,3.00,-24.00,-42.00
2024-07-23,4.40,4.15,4.25,4.48,-10.00,-2.00,-1.00,0.00,-15.00,-35.00
2024-07-24,4.37,4.12,4.28,4.54,-3.00,-3.00,3.00,6.00,-9.00,-41.00
2024-07-25,4.41,4.13,4.27,4.50,4.00,1.00,-1.00,-4.00,-14.00,-42.00
2024-07-26,4.36,4.06,4.20,4.45,-5.00,-7.00,-7.00,-5.00,-16.00,-44.00
2024-07-29,4.36,4.05,4.17,4.42,0.00,-1.00,-3.00,-3.00,-19.00,-43.00
2024-07-30,4.35,4.03,4.15,4.40,-1.00,-2.00,-2.00,-2.00,-20.00,-44.00
2024-07-31,4.29,3.97,4.09,4.35,-6.00,-6.00,-6.00,-5.00,-20.00,-44.00
2024-08-01,4.16,3.84,3.99,4.27,-13.00,-13.00,-10.00,-8.00,-17.00,-47.00
2024-08-02,3.88,3.62,3.80,4.11,-28.00,-22.00,-19.00,-16.00,-8.00,-44.00
2024-08-05,3.89,3.62,3.78,4.06,1.00,0.00,-2.00,-5.00,-11.00,-43.00
2024-08-06,3.99,3.73,3.90,4.18,10.00,11.00,12.00,12.00,-9.00,-43.00
2024-08-07,4.00,3.79,3.96,4.26,1.00,6.00,6.00,8.00,-4.00,-38.00
2024-08-08,4.04,3.83,3.99,4.28,4.00,4.00,3.00,2.00,-5.00,-37.00
2024-08-09,4.05,3.80,3.94,4.23,1.00,-3.00,-5.00,-5.00,-11.00,-39.00
2024-08-12,4.01,3.75,3.90,4.19,-4.00,-5.00,-4.00,-4.00,-11.00,-41.00
2024-08-13,3.93,3.68,3.85,4.16,-8.00,-7.00,-5.00,-3.00,-8.00,-42.00
2024-08-14,3.94,3.67,3.83,4.12,1.00,-1.00,-2.00,-4.00,-11.00,-43.00
2024-08-15,4.08,3.79,3.92,4.18,14.00,12.00,9.00,6.00,-16.00,-42.00
2024-08-16,4.06,3.77,3.89,4.15,-2.00,-2.00,-3.00,-3.00,-17.00,-41.00
2024-08-19,4.06,3.75,3.86,4.11,0.00,-2.00,-3.00,-4.00,-20.00,-42.00
2024-08-20,3.99,3.70,3.82,4.07,-7.00,-5.00,-4.00,-4.00,-17.00,-41.00
2024-08-21,3.92,3.64,3.79,4.06,-7.00,-6.00,-3.00,-1.00,-13.00,-43.00
2024-08-22,3.99,3.72,3.86,4.13,7.00,8.00,7.00,7.00,-13.00,-41.00
2024-08-23,3.90,3.65,3.81,4.10,-9.00,-7.00,-5.00,-3.00,-9.00,-41.00
2024-08-26,3.91,3.66,3.82,4.11,1.00,1.00,1.00,1.00,-9.00,-41.00
2024-08-27,3.83,3.66,3.83,4.13,-8.00,0.00,1.00,2.00,0.00,-34.00
2024-08-28,3.83,3.63,3.84,4.13,0.00,-3.00,1.00,0.00,1.00,-41.00
2024-08-29,3.87,3.66,3.87,4.15,4.00,3.00,3.00,2.00,0.00,-42.00
2024-08-30,3.91,3.71,3.91,4.20,4.00,5.00,4.00,5.00,0.00,-40.00
2024-09-03,3.88,3.65,3.84,4.13,-3.00,-6.00,-7.00,-7.00,-4.00,-42.00
2024-09-04,3.76,3.56,3.77,4.06,-12.00,-9.00,-7.00,-7.00,1.00,-41.00
2024-09-05,3.75,3.54,3.73,4.02,-1.00,-2.00,-4.00,-4.00,-2.00,-40.00
2024-09-06,3.66,3.50,3.72,4.03,-9.00,-4.00,-1.00,1.00,6.00,-38.00
2024-09-09,3.68,3.49,3.70,4.00,2.00,-1.00,-2.00,-3.00,2.00,-40.00
2024-09-10,3.59,3.43,3.65,3.97,-9.00,-6.00,-5.00,-3.00,6.00,-38.00
2024-09-11,3.62,3.45,3.65,3.96,3.00,2.00,0.00,-1.00,3.00,-37.00
2024-09-12,3.64,3.47,3.68,4.00,2.00,2.00,3.00,4.00,4.00,-38.00
2024-09-13,3.57,3.43,3.66,3.98,-7.00,-4.00,-2.00,-2.00,9.00,-37.00
2024-09-16,3.56,3.41,3.63,3.94,-1.00,-2.00,-3.00,-4.00,7.00,-37.00
2024-09-17,3.59,3.44,3.65,3.96,3.00,3.00,2.00,2.00,6.00,-36.00
2024-09-18,3.61,3.47,3.70,4.03,2.00,3.00,5.00,7.00,9.00,-37.00
2024-09-19,3.59,3.49,3.73,4.06,-2.00,2.00,3.00,3.00,14.00,-34.00
2024-09-20,3.55,3.48,3.73,4.07,-4.00,-1.00,0.00,1.00,18.00,-32.00
2024-09-23,3.57,3.51,3.75,4.09,2.00,3.00,2.00,2.00,18.00,-30.00
2024-09-24,3.49,3.47,3.74,4.09,-8.00,-4.00,-1.00,0.00,25.00,-29.00
2024-09-25,3.53,3.52,3.79,4.14,4.00,5.00,5.00,5.00,26.00,-28.00
2024-09-26,3.60,3.55,3.79,4.12,7.00,3.00,0.00,-2.00,19.00,-29.00
2024-09-27,3.55,3.50,3.75,4.10,-5.00,-5.00,-4.00,-2.00,20.00,-30.00
2024-09-30,3.66,3.58,3.81,4.14,11.00,8.00,6.00,4.00,15.00,-31.00
2024-10-01,3.61,3.51,3.74,4.08,-5.00,-7.00,-7.00,-6.00,13.00,-33.00
2024-10-02,3.63,3.55,3.79,4.14,2.00,4.00,5.00,6.00,16.00,-32.00
2024-10-03,3.70,3.62,3.85,4.18,7.00,7.00,6.00,4.00,15.00,-31.00
2024-10-04,3.93,3.81,3.98,4.26,23.00,19.00,13.00,8.00,5.00,-29.00
2024-10-07,3.99,3.86,4.03,4.30,6.00,5.00,5.00,4.00,4.00,-30.00
2024-10-08,3.98,3.86,4.04,4.32,-1.00,0.00,1.00,2.00,6.00,-30.00
2024-10-09,3.99,3.91,4.06,4.34,1.00,5.00,2.00,2.00,7.00,-23.00
2024-10-10,3.98,3.91,4.09,4.38,-1.00,0.00,3.00,4.00,11.00,-25.00
2024-10-11,3.95,3.88,4.08,4.39,-3.00,-3.00,-1.00,1.00,13.00,-27.00
2024-10-15,3.95,3.86,4.03,4.32,0.00,-2.00,-5.00,-7.00,8.00,-26.00
2024-10-16,3.93,3.84,4.02,4.30,-2.00,-2.00,-1.00,-2.00,9.00,-27.00
2024-10-17,3.96,3.90,4.09,4.39,3.00,6.00,7.00,9.00,13.00,-25.00
2024-10-18,3.95,3.88,4.08,4.38,-1.00,-2.00,-1.00,-1.00,13.00,-27.00
2024-10-21,4.02,3.98,4.19,4.49,7.00,10.00,11.00,11.00,17.00,-25.00
2024-10-22,4.03,4.00,4.20,4.49,1.00,2.00,1.00,0.00,17.00,-23.00
2024-10-23,4.07,4.05,4.24,4.51,4.00,5.00,4.00,2.00,17.00,-21.00
2024-10-24,4.07,4.03,4.21,4.47,0.00,-2.00,-3.00,-4.00,14.00,-22.00
2024-10-25,4.11,4.07,4.25,4.51,4.00,4.00,4.00,4.00,14.00,-22.00
2024-10-28,4.12,4.11,4.28,4.53,1.00,4.00,3.00,2.00,16.00,-18.00
2024-10-29,4.11,4.11,4.28,4.52,-1.00,0.00,0.00,-1.00,17.00,-17.00
2024-10-30,4.15,4.14,4.29,4.49,4.00,3.00,1.00,-3.00,14.00,-16.00
2024-10-31,4.16,4.15,4.28,4.47,1.00,1.00,-1.00,-2.00,12.00,-14.00
2024-11-01,4.21,4.22,4.37,4.57,5.00,7.00,9.00,10.00,16.00,-14.00
2024-11-04,4.17,4.17,4.31,4.50,-4.00,-5.00,-6.00,-7.00,14.00,-14.00
2024-11-05,4.19,4.16,4.26,4.44,2.00,-1.00,-5.00,-6.00,7.00,-13.00
2024-11-06,4.27,4.27,4.42,4.60,8.00,11.00,16.00,16.00,15.00,-15.00
2024-11-07,4.21,4.17,4.31,4.52,-6.00,-10.00,-11.00,-8.00,10.00,-18.00
2024-11-08,4.26,4.20,4.30,4.47,5.00,3.00,-1.00,-5.00,4.00,-16.00
2024-11-12,4.34,4.32,4.43,4.58,8.00,12.00,13.00,11.00,9.00,-13.00
2024-11-13,4.27,4.30,4.44,4.63,-7.00,-2.00,1.00,5.00,17.00,-11.00
2024-11-14,4.34,4.32,4.43,4.58,7.00,2.00,-1.00,-5.00,9.00,-13.00
2024-11-15,4.31,4.30,4.43,4.60,-3.00,-2.00,0.00,2.00,12.00,-14.00
2024-11-18,4.29,4.28,4.42,4.61,-2.00,-2.00,-1.00,1.00,13.00,-15.00
2024-11-19,4.27,4.25,4.39,4.57,-2.00,-3.00,-3.00,-4.00,12.00,-16.00
2024-11-20,4.31,4.28,4.41,4.59,4.00,3.00,2.00,2.00,10.00,-16.00
2024-11-21,4.34,4.30,4.43,4.61,3.00,2.00,2.00,2.00,9.00,-17.00
2024-11-22,4.37,4.30,4.41,4.60,3.00,0.00,-2.00,-1.00,4.00,-18.00
2024-11-25,4.21,4.17,4.27,4.45,-16.00,-13.00,-14.00,-15.00,6.00,-14.00
2024-11-26,4.21,4.17,4.30,4.48,0.00,0.00,3.00,3.00,9.00,-17.00
2024-11-27,4.19,4.11,4.25,4.44,-2.00,-6.00,-5.00,-4.00,6.00,-22.00
2024-11-29,4.13,4.05,4.18,4.36,-6.00,-6.00,-7.00,-8.00,5.00,-21.00
2024-12-02,4.17,4.08,4.19,4.36,4.00,3.00,1.00,0.00,2.00,-20.00
2024-12-03,4.17,4.11,4.23,4.40,0.00,3.00,4.00,4.00,6.00,-18.00
2024-12-04,4.13,4.07,4.19,4.35,-4.00,-4.00,-4.00,-5.00,6.00,-18.00
2024-12-05,4.15,4.07,4.17,4.33,2.00,0.00,-2.00,-2.00,2.00,-18.00
2024-12-06,4.10,4.03,4.15,4.34,-5.00,-4.00,-2.00,1.00,5.00,-19.00
2024-12-09,4.13,4.07,4.20,4.39,3.00,4.00,5.00,5.00,7.00,-19.00
2024-12-10,4.15,4.09,4.22,4.41,2.00,2.00,2.00,2.00,7.00,-19.00
2024-12-11,4.15,4.13,4.26,4.48,0.00,4.00,4.00,7.00,11.00,-15.00
2024-12-12,4.18,4.18,4.32,4.55,3.00,5.00,6.00,7.00,14.00,-14.00
2024-12-13,4.25,4.25,4.40,4.61,7.00,7.00,8.00,6.00,15.00,-15.00
2024-12-16,4.25,4.25,4.39,4.60,0.00,0.00,-1.00,-1.00,14.00,-14.00
2024-12-17,4.25,4.26,4.40,4.59,0.00,1.00,1.00,-1.00,15.00,-13.00
2024-12-18,4.35,4.40,4.50,4.65,10.00,14.00,10.00,6.00,15.00,-5.00
2024-12-19,4.32,4.43,4.57,4.74,-3.00,3.00,7.00,9.00,25.00,-3.00
2024-12-20,4.30,4.37,4.52,4.72,-2.00,-6.00,-5.00,-2.00,22.00,-8.00
2024-12-23,4.30,4.44,4.59,4.78,0.00,7.00,7.00,6.00,29.00,-1.00
2024-12-24,4.29,4.43,4.59,4.76,-1.00,-1.00,0.00,-2.00,30.00,-2.00
2024-12-26,4.30,4.42,4.58,4.76,1.00,-1.00,-1.00,0.00,28.00,-4.00
2024-12-27,4.31,4.45,4.62,4.82,1.00,3.00,4.00,6.00,31.00,-3.00
2024-12-30,4.24,4.37,4.55,4.77,-7.00,-8.00,-7.00,-5.00,31.00,-5.00
2024-12-31,4.25,4.38,4.58,4.78,1.00,1.00,3.00,1.00,33.00,-7.00
