date,1Y,2Y,5Y,10Y,30Y
2024-01-02,3.0372196089,2.4381982119,1.9220114223,2.1199493571,2.3468671493
2024-01-03,3.0567447687,2.4464644861,1.9263521535,2.1214189676,2.3558302625
2024-01-04,3.0810629827,2.4951679082,2.0108799543,2.2072419203,2.4232555037
2024-01-05,3.1502743979,2.57754173,2.0807856996,2.2469256583,2.4433477587
2024-01-08,3.1402222196,2.5624614331,2.0563632831,2.2307313873,2.4451867455
2024-01-09,3.1327661296,2.5599655325,2.0799930031,2.2570451998,2.4470429055
2024-01-10,3.1549139596,2.5780494152,2.1069513741,2.2732383195,2.4454824439
2024-01-11,3.1277633941,2.5647437386,2.0935331763,2.2583578869,2.438604898
2024-01-12,3.1053587953,2.5251907164,2.0383287109,2.226207696,2.4508635532
2024-01-15,3.1213355614,2.5544563312,2.0847573933,2.2810119759,2.4931821219
2024-01-16,3.1320556392,2.5579114471,2.0682941043,2.2599486199,2.4852389349
2024-01-17,3.2209837787,2.6661449844,2.1744169635,2.3394291535,2.5283014878
2024-01-18,3.2151016299,2.6768131019,2.1955793034,2.363052963,2.5587572535
2024-01-19,3.1903837112,2.6601461212,2.2132471364,2.3846269956,2.5391922756
2024-01-22,3.2052698267,2.6444992404,2.1728819542,2.3354762926,2.480105578
2024-01-23,3.2167030898,2.6721226703,2.2144655792,2.3886325322,2.5418036864
2024-01-24,3.2083733176,2.663037387,2.207389304,2.3845432402,2.5358817836
2024-01-25,3.1375797379,2.5950024031,2.170110325,2.3687528773,2.5236694847
2024-01-26,3.1435986315,2.5873884106,2.1765066896,2.3883232291,2.5336135315
2024-01-29,3.1100932064,2.530533517,2.1040743133,2.3251514995,2.4849390485
2024-01-30,3.089613075,2.5229616619,2.1122401045,2.3328476651,2.4952945495
2024-01-31,3.0512098877,2.4737329487,2.0473606561,2.26580157,2.4370589909
2024-02-01,3.0498050722,2.4718578156,2.0456301141,2.2542621453,2.4147666384
2024-02-02,3.1367581669,2.5665608501,2.101604999,2.2752204759,2.4374513286
2024-02-05,3.1665742674,2.6225322873,2.198663458,2.380938321,2.5209067441
2024-02-06,3.1646097432,2.6304437348,2.2037677708,2.3871789716,2.5397768169
2024-02-07,3.1547100184,2.6142635533,2.1881832131,2.3747592768,2.5306669947
2024-02-08,3.1869909665,2.6703657991,2.2518302136,2.4271401791,2.5615493296
2024-02-09,3.2137906477,2.7200920439,2.3028776573,2.461190883,2.5818431696
2024-02-12,3.2243013493,2.7150454203,2.2924160828,2.4517828411,2.5758056278
2024-02-13,3.2485407458,2.7570764919,2.323552856,2.4619773052,2.5734041421
2024-02-14,3.2711441896,2.7822301815,2.3204638686,2.445205132,2.5699361714
2024-02-15,3.2564972502,2.7610694685,2.277001002,2.3870546854,2.5259618773
2024-02-16,3.2988684462,2.8339608318,2.3747267205,2.4712489514,2.5695045044
2024-02-19,3.3026767434,2.836763829,2.3719858553,2.471856408,2.5915277351
2024-02-20,3.2690154702,2.7955100414,2.3345791846,2.4409811023,2.5519130174
2024-02-21,3.2884209396,2.8245174859,2.3722206656,2.4744667685,2.5896023848
2024-02-22,3.3215110179,2.8704212885,2.4111254844,2.4798051672,2.5579606002
2024-02-23,3.3093990488,2.8509066911,2.376714514,2.4384341998,2.5221851127
2024-02-26,3.3468522912,2.9029634891,2.4163643949,2.467280003,2.5602260785
2024-02-27,3.3421783042,2.9063723664,2.4300291163,2.4929769097,2.5967513925
2024-02-28,3.3404300924,2.9113834927,2.4487930532,2.5167377375,2.60969705
2024-02-29,3.3332246905,2.9012443273,2.4266519305,2.4801097363,2.5586960969
2024-03-01,3.3340026677,2.8997453122,2.4311069172,2.5034683242,2.6012204434
2024-03-04,3.3240311303,2.8804907504,2.3796276425,2.4336236988,2.5645413093
2024-03-05,3.2992683885,2.8523626568,2.3314818411,2.3635148956,2.490351302
2024-03-06,3.2985885745,2.8473304056,2.3241392509,2.3597086823,2.4917879855
2024-03-07,3.3055171315,2.8529528524,2.3165152279,2.3402473323,2.4811734305
2024-03-08,3.2503036502,2.7745423427,2.2435004,2.3031809889,2.4636761831
2024-03-11,3.2675148412,2.8039501177,2.2952784263,2.3591203019,2.4976266431
2024-03-12,3.3015270463,2.842023547,2.3284908946,2.3776217828,2.4885749016
2024-03-13,3.2979554393,2.8389592329,2.3451429643,2.4038314531,2.4956661893
2024-03-14,3.3141590113,2.8719249526,2.4104645977,2.4862550511,2.5577179181
2024-03-15,3.3415247479,2.9044036442,2.4348296364,2.4946028896,2.5625864199
2024-03-18,3.3351626487,2.9015674337,2.4424531321,2.5102098433,2.5809688802
2024-03-19,3.3231238955,2.8799697964,2.4070863397,2.4846293611,2.5964191737
2024-03-20,3.3291012931,2.8888368353,2.4199464637,2.4862311056,2.5698802483
2024-03-21,3.3159111343,2.8619899929,2.3853671741,2.4697606676,2.5878415218
2024-03-22,3.2671775558,2.8142077684,2.3092358175,2.37785216,2.5210154921
2024-03-25,3.2763299321,2.8436140029,2.3640377319,2.4260237468,2.5255308476
2024-03-26,3.2768638988,2.8446520188,2.349448082,2.4049985204,2.5277532978
2024-03-27,3.2477127845,2.7940012216,2.2887461691,2.3510584666,2.4714482961
2024-03-28,3.2557178238,2.7981962094,2.2989224204,2.359935488,2.4524034298
2024-04-02,3.2521479535,2.8169937607,2.3753355737,2.4863921225,2.5874904397
2024-04-03,3.2739772233,2.8340042643,2.380509645,2.48413956,2.5843454078
2024-04-04,3.2605602217,2.8021367279,2.3210163636,2.4113003171,2.5154401188
2024-04-05,3.2773366142,2.8304301161,2.3487480722,2.4361684019,2.550410202
2024-04-08,3.2688761642,2.8453378402,2.4029024569,2.4923312998,2.5582498738
2024-04-09,3.2865283041,2.844529147,2.3646418388,2.4321874511,2.5057457056
2024-04-10,3.3182823523,2.890368268,2.407660614,2.483955421,2.4668415179
2024-04-11,3.3184649059,2.900117997,2.4322183861,2.5216754851,2.5140393438
2024-04-12,3.2577804454,2.8092030862,2.3133110711,2.4069398686,2.4240581227
2024-04-15,3.24294233,2.8315737776,2.3935662016,2.5043256274,2.5043819133
2024-04-16,3.2611537101,2.8579131238,2.440825202,2.565459395,2.5682238419
2024-04-17,3.2744790025,2.8689112024,2.4363090988,2.54460631,2.5393779741
2024-04-18,3.2771148142,2.8823985611,2.4592118448,2.5551833059,2.5493938957
2024-04-19,3.3008833704,2.920971954,2.4998048572,2.5772617894,2.5674916749
2024-04-22,3.2765409284,2.8859431272,2.4680343787,2.5694069878,2.5765566326
2024-04-23,3.2642342953,2.8798383983,2.4678213504,2.5613382913,2.5581316908
2024-04-24,3.2973188243,2.9343412144,2.5429895543,2.6439607161,2.6502422407
2024-04-25,3.3368550717,2.9873046997,2.6031485928,2.6968869031,2.7012959587
2024-04-26,3.3119686157,2.9516982017,2.5461222105,2.623464679,2.6295676511
2024-04-29,3.290820273,2.9228527419,2.5115450258,2.5936184515,2.6071868349
2024-04-30,3.3524609848,2.9967567161,2.5804911441,2.6368704855,2.6389541152
2024-05-02,3.3294899337,2.9691102147,2.5556573736,2.6192687619,2.6117449955
2024-05-03,3.271630009,2.9053014011,2.4813898961,2.545998065,2.5604183903
2024-05-06,3.2865494596,2.909517873,2.4584031302,2.5137096838,2.5709659342
2024-05-07,3.2784920081,2.8988787532,2.4341174126,2.4769806556,2.5344808438
2024-05-08,3.2835675177,2.915182553,2.4681074386,2.5155847885,2.5534836059
2024-05-09,3.2888829677,2.9257582575,2.4887169277,2.5485134906,2.609353976
2024-05-10,3.3049912257,2.9442451164,2.5093013562,2.5607710993,2.5999098221
2024-05-13,3.2938671533,2.9305148009,2.4967441621,2.5539771945,2.6027070677
2024-05-14,3.2948867637,2.9395315903,2.5216384261,2.5869324297,2.6201431172
2024-05-15,3.2736241724,2.8943669893,2.4414608295,2.4997507148,2.5693854555
2024-05-16,3.2671889131,2.8959022268,2.4515666795,2.5059329536,2.5561682676
2024-05-17,3.2965398517,2.9387147944,2.5157963677,2.5736443805,2.6040246386
2024-05-20,3.2795791577,2.9329042182,2.5277642568,2.5928737019,2.610014886
2024-05-21,3.2709150266,2.91930996,2.504214884,2.56338861,2.5866907605
2024-05-22,3.3041558954,2.9535232779,2.5381724865,2.5938440854,2.6122624541
2024-05-23,3.3130504916,3.0028329815,2.6115584968,2.6421578714,2.6576342361
2024-05-24,3.3490981708,3.0330994089,2.6300005442,2.6524141248,2.6651774428
2024-05-27,3.2972646762,2.9737393125,2.5672953389,2.5984978775,2.6291440124
2024-05-28,3.2875527368,2.9725027088,2.5823722358,2.6248221592,2.6429144361
2024-05-29,3.3339783773,3.0272376639,2.6574760276,2.7193243024,2.7372814277
2024-05-30,3.3210211208,3.0169714126,2.6616439488,2.7374225597,2.7490982257
2024-05-31,3.3347199968,3.0193484923,2.6425,2.7015587512,2.7191095018
2024-06-03,3.2959554473,2.9779859652,2.5993371395,2.6614829951,2.6795022684
2024-06-04,3.2502678389,2.9277644372,2.5418873256,2.597435378,2.614326055
2024-06-05,3.2737170299,2.935561114,2.5232831032,2.5676072225,2.5958400713
2024-06-06,3.2751794882,2.9664368423,2.5819989948,2.6218140315,2.6370539694
2024-06-07,3.3182240805,3.0231188867,2.6520880405,2.6867722412,2.6758102481
2024-06-10,3.310329202,3.0191670638,2.6721338922,2.7385184555,2.7344383355
2024-06-11,3.259674993,2.9634554635,2.6174459509,2.70750727,2.7459159892
2024-06-12,3.2460298406,2.9281543851,2.5352356289,2.5967936569,2.668252435
2024-06-13,3.2106631548,2.8987005515,2.5170072468,2.5855197162,2.6569594769
2024-06-14,3.1078703527,2.7627458678,2.3385063584,2.4086873262,2.5312073346
2024-06-17,3.1153030244,2.7914537869,2.4049070635,2.4874036276,2.5613504318
2024-06-18,3.1210784974,2.7938622283,2.4006176251,2.476220875,2.5460495592
2024-06-19,3.1401084885,2.8108394712,2.4080358882,2.4754923156,2.5568304826
2024-06-20,3.1222410772,2.8161233418,2.4394009635,2.5093927539,2.5929496311
2024-06-21,3.0832952665,2.7675013428,2.3759206934,2.4501759972,2.5827258968
2024-06-24,3.1222822118,2.8073327872,2.4105655503,2.4790816716,2.6191760204
2024-06-25,3.1187404284,2.7992322474,2.3874827711,2.4437824241,2.6171454296
2024-06-26,3.1149032715,2.8076536727,2.4206417506,2.4887604599,2.6293569299
2024-06-27,3.1112317348,2.809586269,2.4250807091,2.4895226334,2.6346425664
2024-06-28,3.0993452047,2.7993707466,2.4234186492,2.5019106798,2.6401395083
2024-07-01,3.1471556675,2.8738448081,2.542066794,2.6351168331,2.7240767355
2024-07-02,3.1602670051,2.8849534405,2.5420282327,2.625718203,2.7501954833
2024-07-03,3.1826068197,2.9017080189,2.5495227005,2.6278943813,2.7468189278
2024-07-04,3.1672744553,2.8941333562,2.5505906489,2.6237373697,2.7222474103
2024-07-05,3.1498098035,2.8742369158,2.5254465578,2.5996836001,2.7096870624
2024-07-08,3.126892711,2.843711286,2.4907274584,2.5707227465,2.6643299782
2024-07-09,3.1419608801,2.8615695202,2.5140133873,2.5941446777,2.6676870612
2024-07-10,3.150353638,2.8584445118,2.4878428026,2.5570724353,2.6559855543
2024-07-11,3.0990362387,2.7946898478,2.4143403861,2.498110511,2.6307056494
2024-07-12,3.1379004762,2.8310235521,2.4414948608,2.5167895001,2.6541305075
2024-07-15,3.0769930142,2.7754653648,2.4104853142,2.5140039627,2.6367717266
2024-07-16,3.076667466,2.7614783971,2.3734084568,2.4645170295,2.5937193252
2024-07-17,3.0835769854,2.7626279177,2.3700578799,2.4612971986,2.5760644426
2024-07-18,3.0735713789,2.7456871835,2.3436235462,2.4367519932,2.5751223914
2024-07-19,3.0828638741,2.7681083283,2.3882280423,2.4965557827,2.6446515535
2024-07-22,3.0776507606,2.7666766314,2.3990595738,2.5105437773,2.6119108648
2024-07-23,3.0826774229,2.7539063343,2.3630648021,2.4776943683,2.6092329714
2024-07-24,3.0570335957,2.721389585,2.3327621104,2.4715110514,2.6303992628
2024-07-25,3.0492854689,2.7027505058,2.296105079,2.4339080215,2.6282938735
2024-07-26,3.02712939,2.6906245201,2.2945165243,2.4245461772,2.6000953086
2024-07-29,2.9925705525,2.6688958534,2.2805908243,2.3896297176,2.5393982237
2024-07-30,2.9481734669,2.6109896462,2.2177051767,2.3544882773,2.5479549558
2024-07-31,2.9230891506,2.5822152139,2.1876895938,2.3290703135,2.5163532791
2024-08-01,2.9188983511,2.5606727906,2.1419216255,2.281431255,2.4878559356
2024-08-02,2.8322862573,2.4705683801,2.0504088143,2.1969689437,2.4266161124
2024-08-05,2.7174230077,2.3095484768,1.9989695315,2.2355219221,2.3312081721
2024-08-06,2.7617148248,2.3366425227,2.0387262543,2.2599321468,2.3429967402
2024-08-07,2.8232951444,2.4235840543,2.137291874,2.365213727,2.4585220292
2024-08-08,2.8303479466,2.4313380332,2.1245404623,2.3631468252,2.4535479179
2024-08-09,2.8143747625,2.4002093268,2.0868031989,2.3179681699,2.4124367662
2024-08-12,2.8179462146,2.4018433469,2.092379281,2.3271464977,2.4179481608
2024-08-13,2.7909576028,2.3682264916,2.0551867046,2.2926891188,2.3910790309
2024-08-14,2.7922210083,2.3650988634,2.0528959338,2.2853210792,2.3743137946
2024-08-15,2.8357888781,2.4398204079,2.1342211151,2.3521344146,2.43969777
2024-08-16,2.8121803078,2.4216635162,2.1339565239,2.3349911132,2.4297532755
2024-08-19,2.8138328446,2.4232229273,2.1437053244,2.3506021122,2.4348170145
2024-08-20,2.78885259,2.3907306734,2.1174979471,2.326133018,2.4201015885
2024-08-21,2.7511170734,2.3497079812,2.0975323699,2.3059555781,2.4204932686
2024-08-22,2.7425259356,2.3542595388,2.1138374145,2.3222276477,2.4298949353
2024-08-23,2.7691014452,2.381168929,2.1230561225,2.3545848339,2.4134477419
2024-08-26,2.7620682338,2.369541087,2.1229336103,2.3611574784,2.4223284847
2024-08-27,2.7782356299,2.3926134933,2.1478983224,2.397613636,2.4651321677
2024-08-28,2.7399061424,2.3545063473,2.1289841464,2.3663694885,2.4365884822
2024-08-29,2.7031589343,2.3180484558,2.1275074155,2.3795267524,2.4569686353
2024-08-30,2.7391555066,2.3591456102,2.1401159754,2.3888297669,2.4435875828
2024-09-02,2.7644611855,2.3984183282,2.1933531652,2.4485558581,2.5108044021
2024-09-03,2.7684364231,2.381162134,2.1395551693,2.3718172551,2.4382511021
2024-09-04,2.7495800801,2.3375777023,2.0776722911,2.3230518592,2.4404582798
2024-09-05,2.6788237468,2.2623239828,2.0595404099,2.3052108156,2.4294698328
2024-09-06,2.6990484124,2.2812464132,2.040525768,2.3113879433,2.3971944013
2024-09-09,2.6622082542,2.2272159765,2.0176150512,2.2959799036,2.4278590129
2024-09-10,2.651016425,2.2133271902,2.0098304455,2.2834241895,2.4367522011
2024-09-11,2.6082320683,2.1390237934,1.9414004531,2.2136942997,2.3802886164
2024-09-12,2.6278278854,2.1754847132,1.9679030803,2.2396543029,2.3918349541
2024-09-13,2.6018784302,2.1629372456,1.9930524862,2.2602491803,2.428414243
2024-09-16,2.614575266,2.1777910624,1.9875838894,2.2479888331,2.4138486768
2024-09-17,2.5842667353,2.1607422865,2.0005889268,2.2486269095,2.3998406254
2024-09-18,2.6150390589,2.2050798971,2.0439414366,2.2985907322,2.4546091499
2024-09-19,2.5968495429,2.1915578525,2.035632782,2.3048459818,2.493383917
2024-09-20,2.620697597,2.2099509708,2.0491840777,2.3288316667,2.5032890009
2024-09-23,2.5695390137,2.1511405872,2.0061366365,2.3026272101,2.5162846707
2024-09-24,2.5259217298,2.0943300472,1.9619565858,2.2891839665,2.5109822044
2024-09-25,2.5072071264,2.0974194602,1.9833033406,2.291416671,2.505780431
2024-09-26,2.4546190824,2.0416181686,1.9402265183,2.2537673608,2.4744020049
2024-09-27,2.4166494933,2.0119940033,1.938349222,2.2521148846,2.4492960523
2024-09-30,2.4341194679,2.0342844512,1.929022998,2.2367867384,2.4455361564
2024-10-01,2.3774615259,1.9456250509,1.8427477742,2.1442488285,2.3640543563
2024-10-02,2.4027199746,2.0007264821,1.9104735744,2.2298357908,2.4410227423
2024-10-03,2.4098519697,2.0212892241,1.9639483303,2.2890716162,2.4566874729
2024-10-04,2.4665449429,2.1022005749,2.016164118,2.3213268231,2.476791318
2024-10-07,2.4914576178,2.1576127679,2.0712763286,2.3680772013,2.5164528316
2024-10-08,2.5081160187,2.1763718703,2.083655321,2.3786118387,2.5347285776
2024-10-09,2.510636165,2.1768275104,2.0766417309,2.3672195539,2.5156701179
2024-10-10,2.5147599867,2.1884832799,2.0918307263,2.3821347867,2.5338800025
2024-10-11,2.5131115445,2.1920214757,2.1100309683,2.4091492224,2.5502369511
2024-10-14,2.4995329927,2.1784237067,2.1043712461,2.407755502,2.5405894852
2024-10-15,2.487210241,2.1480490822,2.0572668465,2.3391978925,2.5135305967
2024-10-16,2.4604134731,2.1075010731,2.0092053082,2.2888657969,2.4592297403
2024-10-17,2.4474677566,2.1011632395,2.0183156063,2.3141522729,2.502905152
2024-10-18,2.3796982892,2.0328800201,1.9828892128,2.2940883656,2.4909561188
2024-10-21,2.4358883532,2.1254694639,2.0700373654,2.3808484055,2.5685640523
2024-10-22,2.4199124905,2.1273525065,2.0785731477,2.3997309158,2.5897644414
2024-10-23,2.3658050068,2.0778460531,2.0838484328,2.4337504295,2.6249155387
2024-10-24,2.3582689576,2.0604909137,2.042236961,2.3715160286,2.5733488611
2024-10-25,2.3782397393,2.0891054524,2.0759267609,2.397353001,2.5665466757
2024-10-28,2.3332022911,2.047174035,2.0562621368,2.3810519633,2.5584267998
2024-10-29,2.3490128035,2.0905380679,2.1105414295,2.4331853634,2.5951907467
2024-10-30,2.4002591506,2.1631326224,2.1799651881,2.4724594585,2.5954269372
2024-10-31,2.4732664765,2.2433129773,2.2457566545,2.520945558,2.5817069209
2024-11-01,2.4249405827,2.1952562375,2.2025577557,2.4894847017,2.5906423091
2024-11-04,2.4530644117,2.2221182741,2.2175327669,2.487138698,2.5469581063
2024-11-05,2.462326008,2.2263637944,2.2249356495,2.4983617341,2.5604870705
2024-11-06,2.3859676535,2.1549863148,2.1956667351,2.5113246974,2.6181727626
2024-11-07,2.3930876557,2.1580280616,2.2037233891,2.5240289566,2.6342161257
2024-11-08,2.3916623201,2.1485568177,2.1716401116,2.4700578721,2.5712474989
2024-11-11,2.3713444182,2.0986940577,2.1321232997,2.4420946519,2.5314615775
2024-11-12,2.3474425242,2.0692720316,2.1190743455,2.4280603265,2.4584416894
2024-11-13,2.362775464,2.0985880386,2.1649273401,2.474171259,2.4783892263
2024-11-14,2.3185569514,2.0649425177,2.1388491312,2.4479041589,2.5019098406
2024-11-15,2.3287790693,2.087979243,2.1553012445,2.4575629867,2.5331823643
2024-11-18,2.3811452926,2.1396008737,2.1827290896,2.4743486696,2.5420591782
2024-11-19,2.3490608648,2.100254494,2.1357617693,2.4309080958,2.5021843544
2024-11-20,2.3465664639,2.1028413895,2.1501626372,2.4474474548,2.5050388799
2024-11-21,2.3226160904,2.0626525434,2.0979411403,2.3987406434,2.4817885318
2024-11-22,2.2309959629,1.9917460703,2.0557239331,2.3562386849,2.4843956836
2024-11-25,2.2266170388,1.9688081202,2.0147678512,2.3014732166,2.3820790992
2024-11-26,2.2499420763,2.0073401995,2.0300841799,2.2988076041,2.3785425224
2024-11-27,2.2560006611,1.9921060501,1.9996581427,2.261384337,2.3095047795
2024-11-28,2.2311987031,1.971644599,1.9711952106,2.2248257945,2.3155084311
2024-11-29,2.1845272299,1.9120084184,1.9226826996,2.1852246483,2.2714975254
2024-12-02,2.161040333,1.8564459333,1.8546590648,2.1381738703,2.2441447006
2024-12-03,2.1467095141,1.8753282922,1.8786455186,2.1245018989,2.2252497883
2024-12-04,2.1655537257,1.9043105134,1.9151780613,2.1609470857,2.2626375027
2024-12-05,2.2194718784,1.9630802353,1.9573509174,2.1952120266,2.2566358505
2024-12-06,2.2168673558,1.9622855999,1.9343376171,2.1639756999,2.2627772876
2024-12-09,2.2033236088,1.9488705956,1.9326712745,2.1848501571,2.2774043722
2024-12-10,2.1965641408,1.9444423681,1.9039306784,2.196991766,2.2633859539
2024-12-11,2.167214942,1.9140376769,1.9020337791,2.2067122243,2.2835517609
2024-12-12,2.17492584,1.9672665227,1.9831296945,2.2590743687,2.3755389404
2024-12-13,2.2144394925,1.9997336276,2.0156641765,2.3306589016,2.3792430181
2024-12-16,2.1936927658,2.000605868,2.0116271728,2.3320425144,2.3813487408
2024-12-17,2.1776157402,1.9851802289,2.0128606303,2.3137164817,2.3724999546
2024-12-18,2.1842817958,1.9759524375,2.0326004372,2.339148239,2.39939541
2024-12-19,2.2071261291,2.0137551282,2.0929633654,2.4054384768,2.4534901878
2024-12-20,2.1721285337,1.960729092,2.0496145823,2.3746841926,2.445429751
2024-12-23,2.2015487378,1.9977993063,2.0848216585,2.4023438214,2.4562136779
2024-12-24,2.2116937496,2.0031476754,2.0901548247,2.4054591254,2.4558467252
2024-12-27,2.1885403321,2.0076965659,2.1263099979,2.4317999928,2.4946562528
2024-12-30,2.1786458405,2.0111511629,2.1300184085,2.4473038368,2.5137728871
