date,level_bp,slope_10y_2y_bp,real_10y_bp,breakeven_10y_bp,delta_level_bp,delta_slope_bp,delta_10y_bp,delta_real_10y_bp,delta_breakeven_10y_bp
2024-01-03,404.67,-42.00,171.00,220.00,-2.33,-4.00,-4.00,-3.00,-1.00
2024-01-04,411.33,-39.00,177.00,222.00,6.67,3.00,8.00,6.00,2.00
2024-01-05,415.67,-35.00,183.00,222.00,4.33,4.00,6.00,6.00,-0.00
2024-01-08,411.33,-35.00,179.00,222.00,-4.33,0.00,-4.00,-4.00,0.00
2024-01-09,411.67,-34.00,180.00,222.00,0.33,1.00,1.00,1.00,0.00
2024-01-10,413.33,-33.00,182.00,222.00,1.67,1.00,2.00,2.00,0.00
2024-01-11,404.67,-28.00,176.00,222.00,-8.67,5.00,-6.00,-6.00,0.00
2024-01-12,398.00,-18.00,169.00,227.00,-6.67,10.00,-2.00,-7.00,5.00
2024-01-16,408.00,-15.00,177.00,230.00,10.00,3.00,11.00,8.00,3.00
2024-01-17,415.33,-24.00,180.00,230.00,7.33,-9.00,3.00,3.00,-0.00
2024-01-18,417.33,-20.00,180.00,234.00,2.00,4.00,4.00,0.00,4.00
2024-01-19,420.67,-24.00,181.00,234.00,3.33,-4.00,1.00,1.00,0.00
2024-01-22,417.00,-26.00,180.00,231.00,-3.67,-2.00,-4.00,-1.00,-3.00
2024-01-23,417.00,-17.00,185.00,229.00,-0.00,9.00,3.00,5.00,-2.00
2024-01-24,419.33,-16.00,188.00,230.00,2.33,1.00,4.00,3.00,1.00
2024-01-25,414.33,-14.00,185.00,229.00,-5.00,2.00,-4.00,-3.00,-1.00
2024-01-26,417.67,-19.00,185.00,230.00,3.33,-5.00,1.00,0.00,1.00
2024-01-29,411.33,-21.00,178.00,230.00,-6.33,-2.00,-7.00,-7.00,-0.00
2024-01-30,414.00,-30.00,180.00,226.00,2.67,-9.00,-2.00,2.00,-4.00
2024-01-31,405.67,-28.00,173.00,226.00,-8.33,2.00,-7.00,-7.00,0.00
2024-02-01,395.67,-33.00,168.00,219.00,-10.00,-5.00,-12.00,-5.00,-7.00
2024-02-02,412.67,-33.00,182.00,221.00,17.00,0.00,16.00,14.00,2.00
2024-02-05,425.33,-29.00,190.00,227.00,12.67,4.00,14.00,8.00,6.00
2024-02-06,417.00,-30.00,185.00,224.00,-8.33,-1.00,-8.00,-5.00,-3.00
2024-02-07,418.67,-32.00,186.00,223.00,1.67,-2.00,0.00,1.00,-1.00
2024-02-08,424.33,-31.00,191.00,224.00,5.67,1.00,6.00,5.00,1.00
2024-02-09,426.33,-31.00,192.00,225.00,2.00,-0.00,2.00,1.00,1.00
2024-02-12,425.33,-29.00,193.00,224.00,-1.00,2.00,0.00,1.00,-1.00
2024-02-13,442.00,-33.00,202.00,229.00,16.67,-4.00,14.00,9.00,5.00
2024-02-14,436.00,-29.00,197.00,230.00,-6.00,4.00,-4.00,-5.00,1.00
2024-02-15,434.00,-32.00,194.00,230.00,-2.00,-3.00,-3.00,-3.00,0.00
2024-02-16,441.00,-34.00,197.00,233.00,7.00,-2.00,6.00,3.00,3.00
2024-02-20,437.00,-32.00,195.00,232.00,-4.00,2.00,-3.00,-2.00,-1.00
2024-02-21,442.00,-32.00,198.00,234.00,5.00,0.00,5.00,3.00,2.00
2024-02-22,445.00,-36.00,202.00,231.00,3.00,-4.00,1.00,4.00,-3.00
2024-02-23,440.33,-41.00,196.00,230.00,-4.67,-5.00,-7.00,-6.00,-1.00
2024-02-26,442.00,-41.00,197.00,231.00,1.67,0.00,2.00,1.00,1.00
2024-02-27,444.33,-39.00,199.00,232.00,2.33,2.00,3.00,2.00,1.00
2024-02-28,439.00,-37.00,194.00,233.00,-5.33,2.00,-4.00,-5.00,1.00
2024-02-29,438.33,-39.00,192.00,233.00,-0.67,-2.00,-2.00,-2.00,0.00
2024-03-01,430.00,-35.00,187.00,232.00,-8.33,4.00,-6.00,-5.00,-1.00
2024-03-04,434.67,-39.00,188.00,234.00,4.67,-4.00,3.00,1.00,2.00
2024-03-05,426.67,-41.00,181.00,232.00,-8.00,-2.00,-9.00,-7.00,-2.00
2024-03-06,426.00,-44.00,181.00,230.00,-0.67,-3.00,-2.00,0.00,-2.00
2024-03-07,422.00,-41.00,181.00,228.00,-4.00,3.00,-2.00,0.00,-2.00
2024-03-08,421.00,-39.00,181.00,228.00,-1.00,2.00,0.00,0.00,0.00
2024-03-11,423.00,-41.00,183.00,227.00,2.00,-2.00,1.00,2.00,-1.00
2024-03-12,429.67,-42.00,186.00,230.00,6.67,-1.00,6.00,3.00,3.00
2024-03-13,433.00,-42.00,189.00,230.00,3.33,0.00,3.00,3.00,0.00
2024-03-14,442.00,-39.00,199.00,230.00,9.00,3.00,10.00,10.00,-0.00
2024-03-15,445.33,-41.00,199.00,232.00,3.33,-2.00,2.00,0.00,2.00
2024-03-18,447.67,-39.00,203.00,231.00,2.33,2.00,3.00,4.00,-1.00
2024-03-19,443.00,-38.00,200.00,230.00,-4.67,1.00,-4.00,-3.00,-1.00
2024-03-20,437.00,-32.00,196.00,231.00,-6.00,6.00,-3.00,-4.00,1.00
2024-03-21,438.33,-35.00,193.00,234.00,1.33,-3.00,0.00,-3.00,3.00
2024-03-22,433.67,-37.00,187.00,235.00,-4.67,-2.00,-5.00,-6.00,1.00
2024-03-25,434.00,-29.00,192.00,233.00,0.33,8.00,3.00,5.00,-2.00
2024-03-26,434.00,-32.00,192.00,232.00,0.00,-3.00,-1.00,0.00,-1.00
2024-03-27,430.67,-34.00,188.00,232.00,-3.33,-2.00,-4.00,-4.00,0.00
2024-03-28,433.33,-39.00,188.00,232.00,2.67,-5.00,0.00,0.00,0.00
2024-04-01,446.33,-39.00,198.00,235.00,13.00,0.00,13.00,10.00,3.00
2024-04-02,447.00,-34.00,200.00,236.00,0.67,5.00,3.00,2.00,1.00
2024-04-03,446.00,-32.00,200.00,236.00,-1.00,2.00,0.00,0.00,0.00
2024-04-04,442.00,-34.00,197.00,234.00,-4.00,-2.00,-5.00,-3.00,-2.00
2024-04-05,450.00,-34.00,202.00,237.00,8.00,0.00,8.00,5.00,3.00
2024-04-08,454.33,-36.00,204.00,238.00,4.33,-2.00,3.00,2.00,1.00
2024-04-09,449.00,-38.00,200.00,236.00,-5.33,-2.00,-6.00,-4.00,-2.00
2024-04-10,471.00,-42.00,215.00,240.00,22.00,-4.00,19.00,15.00,4.00
2024-04-11,470.00,-37.00,216.00,240.00,-1.00,5.00,1.00,1.00,-0.00
2024-04-12,464.00,-38.00,211.00,239.00,-6.00,-1.00,-6.00,-5.00,-1.00
2024-04-15,473.67,-30.00,220.00,243.00,9.67,8.00,13.00,9.00,4.00
2024-04-16,477.67,-30.00,224.00,243.00,4.00,0.00,4.00,4.00,0.00
2024-04-17,471.33,-34.00,220.00,239.00,-6.33,-4.00,-8.00,-4.00,-4.00
2024-04-18,476.67,-34.00,224.00,240.00,5.33,-0.00,5.00,4.00,1.00
2024-04-19,475.00,-35.00,221.00,241.00,-1.67,-1.00,-2.00,-3.00,1.00
2024-04-22,475.00,-35.00,221.00,241.00,0.00,0.00,0.00,0.00,0.00
2024-04-23,470.00,-25.00,220.00,241.00,-5.00,10.00,-1.00,-1.00,0.00
2024-04-24,472.67,-24.00,224.00,241.00,2.67,1.00,4.00,4.00,0.00
2024-04-25,478.67,-26.00,228.00,242.00,6.00,-2.00,5.00,4.00,1.00
2024-04-26,477.00,-29.00,224.00,243.00,-1.67,-3.00,-3.00,-4.00,1.00
2024-04-29,475.00,-34.00,222.00,241.00,-2.00,-5.00,-4.00,-2.00,-2.00
2024-04-30,481.67,-35.00,228.00,241.00,6.67,-1.00,6.00,6.00,0.00
2024-05-01,474.33,-33.00,225.00,238.00,-7.33,2.00,-6.00,-3.00,-3.00
2024-05-02,467.33,-29.00,221.00,237.00,-7.00,4.00,-5.00,-4.00,-1.00
2024-05-03,459.67,-31.00,215.00,235.00,-7.67,-2.00,-8.00,-6.00,-2.00
2024-05-06,459.67,-33.00,214.00,235.00,0.00,-2.00,-1.00,-1.00,0.00
2024-05-07,459.00,-35.00,215.00,232.00,-0.67,-2.00,-2.00,1.00,-3.00
2024-05-08,460.67,-36.00,217.00,231.00,1.67,-1.00,1.00,2.00,-1.00
2024-05-09,457.33,-35.00,213.00,232.00,-3.33,1.00,-3.00,-4.00,1.00
2024-05-10,463.00,-37.00,216.00,234.00,5.67,-2.00,5.00,3.00,2.00
2024-05-13,461.00,-37.00,215.00,233.00,-2.00,0.00,-2.00,-1.00,-1.00
2024-05-14,457.33,-36.00,212.00,233.00,-3.67,1.00,-3.00,-3.00,-0.00
2024-05-15,448.00,-37.00,205.00,231.00,-9.33,-1.00,-9.00,-7.00,-2.00
2024-05-16,452.00,-40.00,207.00,231.00,4.00,-3.00,2.00,2.00,-0.00
2024-05-17,456.33,-41.00,210.00,232.00,4.33,-1.00,4.00,3.00,1.00
2024-05-20,457.33,-38.00,211.00,233.00,1.00,3.00,2.00,1.00,1.00
2024-05-21,455.33,-41.00,209.00,232.00,-2.00,-3.00,-3.00,-2.00,-1.00
2024-05-22,458.67,-43.00,210.00,233.00,3.33,-2.00,2.00,1.00,1.00
2024-05-23,463.33,-44.00,217.00,230.00,4.67,-1.00,4.00,7.00,-3.00
2024-05-24,464.00,-47.00,214.00,232.00,0.67,-3.00,-1.00,-3.00,2.00
2024-05-28,468.00,-40.00,220.00,234.00,4.00,7.00,8.00,6.00,2.00
2024-05-29,473.33,-35.00,225.00,236.00,5.33,5.00,7.00,5.00,2.00
2024-05-30,468.00,-37.00,219.00,236.00,-5.33,-2.00,-6.00,-6.00,-0.00
2024-05-31,464.00,-38.00,216.00,235.00,-4.00,-1.00,-4.00,-3.00,-1.00
2024-06-03,455.00,-41.00,208.00,233.00,-9.00,-3.00,-10.00,-8.00,-2.00
2024-06-04,448.33,-44.00,202.00,231.00,-6.67,-3.00,-8.00,-6.00,-2.00
2024-06-05,444.00,-43.00,199.00,230.00,-4.33,1.00,-4.00,-3.00,-1.00
2024-06-06,443.00,-44.00,200.00,228.00,-1.00,-1.00,-1.00,1.00,-2.00
2024-06-07,458.67,-44.00,213.00,230.00,15.67,-0.00,15.00,13.00,2.00
2024-06-10,460.67,-40.00,216.00,231.00,2.00,4.00,4.00,3.00,1.00
2024-06-11,453.67,-42.00,212.00,227.00,-7.00,-2.00,-8.00,-4.00,-4.00
2024-06-12,446.00,-44.00,209.00,222.00,-7.67,-2.00,-8.00,-3.00,-5.00
2024-06-13,438.67,-44.00,203.00,221.00,-7.33,0.00,-7.00,-6.00,-1.00
2024-06-14,436.33,-47.00,203.00,217.00,-2.33,-3.00,-4.00,0.00,-4.00
2024-06-17,444.33,-47.00,206.00,222.00,8.00,0.00,8.00,3.00,5.00
2024-06-18,438.33,-47.00,201.00,221.00,-6.00,-0.00,-6.00,-5.00,-1.00
2024-06-20,440.33,-45.00,200.00,225.00,2.00,2.00,3.00,-1.00,4.00
2024-06-21,440.33,-45.00,202.00,223.00,0.00,0.00,0.00,2.00,-2.00
2024-06-24,441.00,-46.00,203.00,222.00,0.67,-1.00,0.00,1.00,-1.00
2024-06-25,437.67,-42.00,201.00,222.00,-3.33,4.00,-2.00,-2.00,0.00
2024-06-26,445.00,-39.00,206.00,226.00,7.33,3.00,9.00,5.00,4.00
2024-06-27,442.67,-41.00,203.00,226.00,-2.33,-2.00,-3.00,-3.00,0.00
2024-06-28,446.67,-35.00,208.00,228.00,4.00,6.00,7.00,5.00,2.00
2024-07-01,456.33,-29.00,216.00,232.00,9.67,6.00,12.00,8.00,4.00
2024-07-02,452.00,-31.00,213.00,230.00,-4.33,-2.00,-5.00,-3.00,-2.00
2024-07-03,446.67,-35.00,209.00,227.00,-5.33,-4.00,-7.00,-4.00,-3.00
2024-07-05,436.67,-32.00,200.00,228.00,-10.00,3.00,-8.00,-9.00,1.00
2024-07-08,437.67,-34.00,201.00,227.00,1.00,-2.00,0.00,1.00,-1.00
2024-07-09,438.67,-32.00,204.00,226.00,1.00,2.00,2.00,3.00,-1.00
2024-07-10,438.00,-34.00,201.00,227.00,-0.67,-2.00,-2.00,-3.00,1.00
2024-07-11,427.67,-30.00,195.00,225.00,-10.33,4.00,-8.00,-6.00,-2.00
2024-07-12,424.33,-27.00,194.00,224.00,-3.33,3.00,-2.00,-1.00,-1.00
2024-07-15,426.67,-21.00,196.00,227.00,2.33,6.00,5.00,2.00,3.00
2024-07-16,423.00,-26.00,191.00,226.00,-3.67,-5.00,-6.00,-5.00,-1.00
2024-07-17,421.67,-26.00,190.00,226.00,-1.33,0.00,-1.00,-1.00,0.00
2024-07-18,425.67,-26.00,189.00,231.00,4.00,0.00,4.00,-1.00,5.00
2024-07-19,430.00,-24.00,193.00,232.00,4.33,2.00,5.00,4.00,1.00
2024-07-22,431.00,-24.00,196.00,230.00,1.00,0.00,1.00,3.00,-2.00
2024-07-23,426.67,-15.00,196.00,229.00,-4.33,9.00,-1.00,0.00,-1.00
2024-07-24,425.67,-9.00,200.00,228.00,-1.00,6.00,3.00,4.00,-1.00
2024-07-25,427.00,-14.00,199.00,228.00,1.33,-5.00,-1.00,-1.00,-0.00
2024-07-26,420.67,-16.00,193.00,227.00,-6.33,-2.00,-7.00,-6.00,-1.00
2024-07-29,419.33,-19.00,192.00,225.00,-1.33,-3.00,-3.00,-1.00,-2.00
2024-07-30,417.67,-20.00,190.00,225.00,-1.67,-1.00,-2.00,-2.00,0.00
2024-07-31,411.67,-20.00,185.00,224.00,-6.00,-0.00,-6.00,-5.00,-1.00
2024-08-01,399.67,-17.00,179.00,220.00,-12.00,3.00,-10.00,-6.00,-4.00
2024-08-02,376.67,-8.00,176.00,204.00,-23.00,9.00,-19.00,-3.00,-16.00
2024-08-05,376.33,-11.00,171.00,207.00,-0.33,-3.00,-2.00,-5.00,3.00
2024-08-06,387.33,-9.00,178.00,212.00,11.00,2.00,12.00,7.00,5.00
2024-08-07,391.67,-4.00,185.00,211.00,4.33,5.00,6.00,7.00,-1.00
2024-08-08,395.33,-5.00,187.00,212.00,3.67,-1.00,3.00,2.00,1.00
2024-08-09,393.00,-11.00,184.00,210.00,-2.33,-6.00,-5.00,-3.00,-2.00
2024-08-12,388.67,-11.00,179.00,211.00,-4.33,0.00,-4.00,-5.00,1.00
2024-08-13,382.00,-8.00,176.00,209.00,-6.67,3.00,-5.00,-3.00,-2.00
2024-08-14,381.33,-11.00,177.00,206.00,-0.67,-3.00,-2.00,1.00,-3.00
2024-08-15,393.00,-16.00,180.00,212.00,11.67,-5.00,9.00,3.00,6.00
2024-08-16,390.67,-17.00,181.00,208.00,-2.33,-1.00,-3.00,1.00,-4.00
2024-08-19,389.00,-20.00,179.00,207.00,-1.67,-3.00,-3.00,-2.00,-1.00
2024-08-20,383.67,-17.00,175.00,207.00,-5.33,3.00,-4.00,-4.00,0.00
2024-08-21,378.33,-13.00,172.00,207.00,-5.33,4.00,-3.00,-3.00,0.00
2024-08-22,385.67,-13.00,176.00,210.00,7.33,-0.00,7.00,4.00,3.00
2024-08-23,378.67,-9.00,168.00,213.00,-7.00,4.00,-5.00,-8.00,3.00
2024-08-26,379.67,-9.00,167.00,215.00,1.00,-0.00,1.00,-1.00,2.00
2024-08-27,377.33,0.00,168.00,215.00,-2.33,9.00,1.00,1.00,0.00
2024-08-28,376.67,1.00,169.00,215.00,-0.67,1.00,1.00,1.00,-0.00
2024-08-29,380.00,0.00,171.00,216.00,3.33,-1.00,3.00,2.00,1.00
2024-08-30,384.33,0.00,176.00,215.00,4.33,0.00,4.00,5.00,-1.00
2024-09-03,379.00,-4.00,173.00,211.00,-5.33,-4.00,-7.00,-3.00,-4.00
2024-09-04,369.67,1.00,170.00,207.00,-9.33,5.00,-7.00,-3.00,-4.00
2024-09-05,367.33,-2.00,170.00,203.00,-2.33,-3.00,-4.00,0.00,-4.00
2024-09-06,362.67,6.00,169.00,203.00,-4.67,8.00,-1.00,-1.00,0.00
2024-09-09,362.33,2.00,166.00,204.00,-0.33,-4.00,-2.00,-3.00,1.00
2024-09-10,355.67,6.00,163.00,202.00,-6.67,4.00,-5.00,-3.00,-2.00
2024-09-11,357.33,3.00,161.00,204.00,1.67,-3.00,0.00,-2.00,2.00
2024-09-12,359.67,4.00,163.00,205.00,2.33,1.00,3.00,2.00,1.00
2024-09-13,355.33,9.00,158.00,208.00,-4.33,5.00,-2.00,-5.00,3.00
2024-09-16,353.33,7.00,154.00,209.00,-2.00,-2.00,-3.00,-4.00,1.00
2024-09-17,356.00,6.00,153.00,212.00,2.67,-1.00,2.00,-1.00,3.00
2024-09-18,359.33,9.00,158.00,212.00,3.33,3.00,5.00,5.00,0.00
2024-09-19,360.33,14.00,156.00,217.00,1.00,5.00,3.00,-2.00,5.00
2024-09-20,358.67,18.00,158.00,215.00,-1.67,4.00,0.00,2.00,-2.00
2024-09-23,361.00,18.00,158.00,217.00,2.33,0.00,2.00,0.00,2.00
2024-09-24,356.67,25.00,155.00,219.00,-4.33,7.00,-1.00,-3.00,2.00
2024-09-25,361.33,26.00,161.00,218.00,4.67,1.00,5.00,6.00,-1.00
2024-09-26,364.67,19.00,163.00,216.00,3.33,-7.00,0.00,2.00,-2.00
2024-09-27,360.00,20.00,160.00,215.00,-4.67,1.00,-4.00,-3.00,-1.00
2024-09-30,368.33,15.00,163.00,218.00,8.33,-5.00,6.00,3.00,3.00
2024-10-01,362.00,13.00,155.00,219.00,-6.33,-2.00,-7.00,-8.00,1.00
2024-10-02,365.67,16.00,158.00,221.00,3.67,3.00,5.00,3.00,2.00
2024-10-03,372.33,15.00,164.00,221.00,6.67,-1.00,6.00,6.00,0.00
2024-10-04,390.67,5.00,175.00,223.00,18.33,-10.00,13.00,11.00,2.00
2024-10-07,396.00,4.00,176.00,227.00,5.33,-1.00,5.00,1.00,4.00
2024-10-08,396.00,6.00,177.00,227.00,0.00,2.00,1.00,1.00,-0.00
2024-10-09,398.67,7.00,177.00,229.00,2.67,1.00,2.00,0.00,2.00
2024-10-10,399.33,11.00,176.00,233.00,0.67,4.00,3.00,-1.00,4.00
2024-10-11,397.00,13.00,175.00,233.00,-2.33,2.00,-1.00,-1.00,0.00
2024-10-15,394.67,8.00,175.00,228.00,-2.33,-5.00,-5.00,0.00,-5.00
2024-10-16,393.00,9.00,175.00,227.00,-1.67,1.00,-1.00,0.00,-1.00
2024-10-17,398.33,13.00,179.00,230.00,5.33,4.00,7.00,4.00,3.00
2024-10-18,397.00,13.00,177.00,231.00,-1.33,0.00,-1.00,-2.00,1.00
2024-10-21,406.33,17.00,188.00,231.00,9.33,4.00,11.00,11.00,0.00
2024-10-22,407.67,17.00,187.00,233.00,1.33,-0.00,1.00,-1.00,2.00
2024-10-23,412.00,17.00,193.00,231.00,4.33,0.00,4.00,6.00,-2.00
2024-10-24,410.33,14.00,191.00,230.00,-1.67,-3.00,-3.00,-2.00,-1.00
2024-10-25,414.33,14.00,196.00,229.00,4.00,0.00,4.00,5.00,-1.00
2024-10-28,417.00,16.00,199.00,229.00,2.67,2.00,3.00,3.00,0.00
2024-10-29,416.67,17.00,198.00,230.00,-0.33,1.00,0.00,-1.00,1.00
2024-10-30,419.33,14.00,195.00,234.00,2.67,-3.00,1.00,-3.00,4.00
2024-10-31,419.67,12.00,195.00,233.00,0.33,-2.00,-1.00,0.00,-1.00
2024-11-01,426.67,16.00,204.00,233.00,7.00,4.00,9.00,9.00,0.00
2024-11-04,421.67,14.00,203.00,228.00,-5.00,-2.00,-6.00,-1.00,-5.00
2024-11-05,420.33,7.00,199.00,227.00,-1.33,-7.00,-5.00,-4.00,-1.00
2024-11-06,432.00,15.00,204.00,238.00,11.67,8.00,16.00,5.00,11.00
2024-11-07,423.00,10.00,198.00,233.00,-9.00,-5.00,-11.00,-6.00,-5.00
2024-11-08,425.33,4.00,195.00,235.00,2.33,-6.00,-1.00,-3.00,2.00
2024-11-12,436.33,9.00,208.00,235.00,11.00,5.00,13.00,13.00,0.00
2024-11-13,433.67,17.00,209.00,235.00,-2.67,8.00,1.00,1.00,0.00
2024-11-14,436.33,9.00,210.00,233.00,2.67,-8.00,-1.00,1.00,-2.00
2024-11-15,434.67,12.00,210.00,233.00,-1.67,3.00,0.00,0.00,0.00
2024-11-18,433.00,13.00,208.00,234.00,-1.67,1.00,-1.00,-2.00,1.00
2024-11-19,430.33,12.00,205.00,234.00,-2.67,-1.00,-3.00,-3.00,0.00
2024-11-20,433.33,10.00,206.00,235.00,3.00,-2.00,2.00,1.00,1.00
2024-11-21,435.67,9.00,209.00,234.00,2.33,-1.00,2.00,3.00,-1.00
2024-11-22,436.00,4.00,207.00,234.00,0.33,-5.00,-2.00,-2.00,0.00
2024-11-25,421.67,6.00,198.00,229.00,-14.33,2.00,-14.00,-9.00,-5.00
2024-11-26,422.67,9.00,202.00,228.00,1.00,3.00,3.00,4.00,-1.00
2024-11-27,418.33,6.00,199.00,226.00,-4.33,-3.00,-5.00,-3.00,-2.00
2024-11-29,412.00,5.00,192.00,226.00,-6.33,-1.00,-7.00,-7.00,0.00
2024-12-02,414.67,2.00,193.00,226.00,2.67,-3.00,1.00,1.00,0.00
2024-12-03,417.00,6.00,195.00,228.00,2.33,4.00,4.00,2.00,2.00
2024-12-04,413.00,6.00,190.00,229.00,-4.00,0.00,-4.00,-5.00,1.00
2024-12-05,413.00,2.00,192.00,225.00,0.00,-4.00,-2.00,2.00,-4.00
2024-12-06,409.33,5.00,191.00,224.00,-3.67,3.00,-2.00,-1.00,-1.00
2024-12-09,413.33,7.00,193.00,227.00,4.00,2.00,5.00,2.00,3.00
2024-12-10,415.33,7.00,193.00,229.00,2.00,-0.00,2.00,0.00,2.00
2024-12-11,418.00,11.00,196.00,230.00,2.67,4.00,4.00,3.00,1.00
2024-12-12,422.67,14.00,200.00,232.00,4.67,3.00,6.00,4.00,2.00
2024-12-13,430.00,15.00,207.00,233.00,7.33,1.00,8.00,7.00,1.00
2024-12-16,429.67,14.00,207.00,232.00,-0.33,-1.00,-1.00,0.00,-1.00
2024-12-17,430.33,15.00,209.00,231.00,0.67,1.00,1.00,2.00,-1.00
2024-12-18,441.67,15.00,218.00,232.00,11.33,0.00,10.00,9.00,1.00
2024-12-19,444.00,25.00,228.00,229.00,2.33,10.00,7.00,10.00,-3.00
2024-12-20,439.67,22.00,223.00,229.00,-4.33,-3.00,-5.00,-5.00,-0.00
2024-12-23,444.33,29.00,227.00,232.00,4.67,7.00,7.00,4.00,3.00
2024-12-24,443.67,30.00,224.00,235.00,-0.67,1.00,0.00,-3.00,3.00
2024-12-26,443.33,28.00,223.00,235.00,-0.33,-2.00,-1.00,-1.00,0.00
2024-12-27,446.00,31.00,228.00,234.00,2.67,3.00,4.00,5.00,-1.00
2024-12-30,438.67,31.00,224.00,231.00,-7.33,-0.00,-7.00,-4.00,-3.00
2024-12-31,440.33,33.00,224.00,234.00,1.67,2.00,3.00,0.00,3.00
