date,rate_2y_bp,rate_5y_bp,rate_10y_bp,spread_bp
2025-01-03,4,5,7,-2
2025-01-06,-3,-4,-5,3
2025-01-07,8,10,12,1
2025-01-08,-7,-9,-11,6
2025-01-09,2,1,0,-1
2025-01-10,12,14,16,4
2025-01-13,-10,-8,-6,8
2025-01-14,5,7,9,0
2025-01-15,-4,-6,-8,5
2025-01-16,3,4,5,-3
2025-01-17,15,18,20,7
2025-01-21,-12,-14,-10,12
2025-01-22,6,8,11,2
2025-01-23,-5,-3,-1,4
2025-01-24,9,11,13,3
2025-01-27,-8,-10,-13,9
2025-01-28,1,3,4,-2
2025-01-29,18,20,24,10
2025-01-30,-15,-17,-19,16
2025-01-31,7,6,5,1
2025-02-03,-2,-1,1,0
2025-02-04,11,13,17,5
2025-02-05,-9,-11,-14,11
2025-02-06,4,2,0,-1
2025-02-07,22,25,29,18
2025-02-10,-18,-20,-22,24
2025-02-11,6,9,12,2
2025-02-12,-6,-7,-9,7
2025-02-13,13,15,18,6
2025-02-14,-11,-12,-15,13
2025-02-18,3,5,6,-2
2025-02-19,25,28,32,22
2025-02-20,-21,-23,-25,28
2025-02-21,8,10,14,4
2025-02-24,-7,-5,-3,6
2025-02-25,16,19,21,9
2025-02-26,-14,-16,-18,18
2025-02-27,5,4,3,-1
2025-02-28,30,34,38,35
2025-03-03,-24,-26,-29,32
