date,level,slope,curvature,spread,volatility,macro,target
2026-01-02,3.20,-0.80,0.10,110,12.0,0.40,0.02
2026-01-09,3.24,-0.76,0.12,114,12.5,0.38,0.04
2026-01-16,3.28,-0.70,0.15,120,13.0,0.35,0.06
2026-01-23,3.25,-0.72,0.13,118,12.8,0.36,-0.01
2026-01-30,3.34,-0.62,0.18,130,14.0,0.30,0.08
2026-02-06,3.40,-0.55,0.21,142,15.5,0.22,0.10
2026-02-13,3.36,-0.58,0.19,138,15.0,0.24,-0.03
2026-02-20,3.45,-0.48,0.24,155,17.0,0.15,0.12
2026-02-27,3.50,-0.40,0.27,166,18.5,0.08,0.14
2026-03-06,3.44,-0.46,0.23,158,17.5,0.12,-0.04
2026-03-13,3.55,-0.35,0.30,178,20.0,-0.02,0.16
2026-03-20,3.60,-0.30,0.33,190,21.0,-0.08,0.18
