date,y1,y2,y5,y10,macro,volatility
2026-01-02,3.10,3.20,3.55,3.90,0.40,10.0
2026-01-09,3.14,3.25,3.62,3.98,0.38,10.5
2026-01-16,3.20,3.32,3.70,4.06,0.33,11.2
2026-01-23,3.18,3.28,3.66,4.02,0.35,10.8
2026-01-30,3.26,3.38,3.80,4.20,0.25,12.6
2026-02-06,3.34,3.48,3.95,4.38,0.18,14.0
2026-02-13,3.31,3.44,3.90,4.32,0.20,13.5
2026-02-20,3.42,3.58,4.10,4.60,0.05,16.0
2026-02-27,3.55,3.72,4.28,4.82,-0.04,18.0
2026-03-06,3.50,3.66,4.20,4.72,0.00,17.0
2026-03-13,3.66,3.86,4.45,5.05,-0.15,21.0
2026-03-20,3.78,4.00,4.64,5.28,-0.25,23.0
