date,level_bp,slope_10y_2y_bp,curvature_5y_bp,vol_4d_bp,target_next_10y_change_bp,regime_label
2024-01-02,407.00,-38.00,-42.00,0.00,-4.00,inverted
2024-01-03,404.67,-42.00,-44.00,4.00,8.00,inverted
2024-01-04,411.33,-39.00,-43.00,6.32,6.00,inverted
2024-01-05,415.67,-35.00,-41.00,6.22,-4.00,inverted
2024-01-08,411.33,-35.00,-43.00,5.74,1.00,inverted
2024-01-09,411.67,-34.00,-44.00,5.41,2.00,inverted
2024-01-10,413.33,-33.00,-43.00,3.77,-6.00,inverted
2024-01-11,404.67,-28.00,-44.00,3.77,-2.00,inverted
2024-01-12,398.00,-18.00,-42.00,3.35,11.00,inverted
2024-01-16,408.00,-15.00,-39.00,6.42,3.00,inverted
2024-01-17,415.33,-24.00,-40.00,6.52,4.00,inverted
2024-01-18,417.33,-20.00,-40.00,6.12,1.00,inverted
2024-01-19,420.67,-24.00,-38.00,6.06,-4.00,inverted
2024-01-22,417.00,-26.00,-42.00,3.24,3.00,inverted
2024-01-23,417.00,-17.00,-33.00,3.24,4.00,inverted
2024-01-24,419.33,-16.00,-40.00,3.24,-4.00,inverted
2024-01-25,414.33,-14.00,-40.00,3.77,1.00,inverted
2024-01-26,417.67,-19.00,-41.00,3.24,-7.00,inverted
2024-01-29,411.33,-21.00,-43.00,4.53,-2.00,inverted
2024-01-30,414.00,-30.00,-42.00,4.18,-7.00,inverted
2024-01-31,405.67,-28.00,-44.00,5.07,-12.00,inverted
2024-02-01,395.67,-33.00,-47.00,7.84,16.00,inverted
2024-02-02,412.67,-33.00,-41.00,10.64,14.00,inverted
2024-02-05,425.33,-29.00,-37.00,12.70,-8.00,inverted
2024-02-06,417.00,-30.00,-42.00,12.85,0.00,inverted
2024-02-07,418.67,-32.00,-38.00,11.36,6.00,inverted
2024-02-08,424.33,-31.00,-37.00,8.60,2.00,inverted
2024-02-09,426.33,-31.00,-37.00,5.10,0.00,inverted
2024-02-12,425.33,-29.00,-37.00,3.16,14.00,inverted
2024-02-13,442.00,-33.00,-33.00,7.68,-4.00,inverted
2024-02-14,436.00,-29.00,-33.00,7.35,-3.00,inverted
2024-02-15,434.00,-32.00,-36.00,7.43,6.00,inverted
2024-02-16,441.00,-34.00,-36.00,8.02,-3.00,inverted
2024-02-20,437.00,-32.00,-36.00,4.18,5.00,inverted
2024-02-21,442.00,-32.00,-36.00,4.44,1.00,inverted
2024-02-22,445.00,-36.00,-36.00,4.21,-7.00,inverted
2024-02-23,440.33,-41.00,-37.00,4.58,2.00,inverted
2024-02-26,442.00,-41.00,-39.00,4.44,3.00,inverted
2024-02-27,444.33,-39.00,-37.00,3.97,-4.00,inverted
2024-02-28,439.00,-37.00,-39.00,4.42,-2.00,inverted
2024-02-29,438.33,-39.00,-37.00,2.87,-6.00,inverted
2024-03-01,430.00,-35.00,-39.00,4.03,3.00,inverted
2024-03-04,434.67,-39.00,-41.00,4.03,-9.00,inverted
2024-03-05,426.67,-41.00,-41.00,5.70,-2.00,inverted
2024-03-06,426.00,-44.00,-42.00,5.70,-2.00,inverted
2024-03-07,422.00,-41.00,-45.00,4.95,0.00,inverted
2024-03-08,421.00,-39.00,-45.00,4.72,1.00,inverted
2024-03-11,423.00,-41.00,-45.00,1.50,6.00,inverted
2024-03-12,429.67,-42.00,-44.00,3.20,3.00,inverted
2024-03-13,433.00,-42.00,-42.00,3.39,10.00,inverted
2024-03-14,442.00,-39.00,-39.00,6.04,2.00,inverted
2024-03-15,445.33,-41.00,-37.00,6.10,3.00,inverted
2024-03-18,447.67,-39.00,-35.00,5.52,-4.00,inverted
2024-03-19,443.00,-38.00,-36.00,5.68,-3.00,inverted
2024-03-20,437.00,-32.00,-36.00,3.08,0.00,inverted
2024-03-21,438.33,-35.00,-37.00,2.92,-5.00,inverted
2024-03-22,433.67,-37.00,-41.00,3.54,3.00,inverted
2024-03-25,434.00,-29.00,-33.00,3.28,-1.00,inverted
2024-03-26,434.00,-32.00,-36.00,2.96,-4.00,inverted
2024-03-27,430.67,-34.00,-38.00,3.57,0.00,inverted
2024-03-28,433.33,-39.00,-37.00,2.55,13.00,inverted
2024-04-01,446.33,-39.00,-37.00,6.82,3.00,inverted
2024-04-02,447.00,-34.00,-36.00,6.96,0.00,inverted
2024-04-03,446.00,-32.00,-36.00,6.67,-5.00,inverted
2024-04-04,442.00,-34.00,-36.00,7.12,8.00,inverted
2024-04-05,450.00,-34.00,-36.00,4.95,3.00,inverted
2024-04-08,454.33,-36.00,-34.00,4.95,-6.00,inverted
2024-04-09,449.00,-38.00,-36.00,5.79,19.00,inverted
2024-04-10,471.00,-42.00,-30.00,10.84,1.00,inverted
2024-04-11,470.00,-37.00,-27.00,10.09,-6.00,inverted
2024-04-12,464.00,-38.00,-30.00,10.42,13.00,inverted
2024-04-15,473.67,-30.00,-26.00,11.91,4.00,inverted
2024-04-16,477.67,-30.00,-26.00,7.45,-8.00,inverted
2024-04-17,471.33,-34.00,-28.00,8.44,5.00,inverted
2024-04-18,476.67,-34.00,-26.00,8.28,-2.00,inverted
2024-04-19,475.00,-35.00,-27.00,5.22,0.00,inverted
2024-04-22,475.00,-35.00,-27.00,4.82,-1.00,inverted
2024-04-23,470.00,-25.00,-21.00,2.74,4.00,inverted
2024-04-24,472.67,-24.00,-26.00,2.29,5.00,inverted
2024-04-25,478.67,-26.00,-26.00,3.24,-3.00,inverted
2024-04-26,477.00,-29.00,-27.00,3.57,-4.00,inverted
2024-04-29,475.00,-34.00,-30.00,4.06,6.00,inverted
2024-04-30,481.67,-35.00,-29.00,4.64,-6.00,inverted
2024-05-01,474.33,-33.00,-31.00,4.92,-5.00,inverted
2024-05-02,467.33,-29.00,-31.00,5.32,-8.00,inverted
2024-05-03,459.67,-31.00,-35.00,6.34,-1.00,inverted
2024-05-06,459.67,-33.00,-35.00,5.61,-2.00,inverted
2024-05-07,459.00,-35.00,-33.00,4.85,1.00,inverted
2024-05-08,460.67,-36.00,-32.00,4.18,-3.00,inverted
2024-05-09,457.33,-35.00,-31.00,1.94,5.00,inverted
2024-05-10,463.00,-37.00,-33.00,3.12,-2.00,inverted
2024-05-13,461.00,-37.00,-33.00,3.12,-3.00,inverted
2024-05-14,457.33,-36.00,-34.00,3.43,-9.00,inverted
2024-05-15,448.00,-37.00,-39.00,5.45,2.00,inverted
2024-05-16,452.00,-40.00,-36.00,4.95,4.00,inverted
2024-05-17,456.33,-41.00,-37.00,5.24,2.00,inverted
2024-05-20,457.33,-38.00,-34.00,5.12,-3.00,inverted
2024-05-21,455.33,-41.00,-37.00,2.87,2.00,inverted
2024-05-22,458.67,-43.00,-35.00,2.87,4.00,inverted
2024-05-23,463.33,-44.00,-34.00,2.87,-1.00,inverted
2024-05-24,464.00,-47.00,-33.00,2.74,8.00,inverted
2024-05-28,468.00,-40.00,-36.00,4.61,7.00,inverted
2024-05-29,473.33,-35.00,-31.00,5.70,-6.00,inverted
2024-05-30,468.00,-37.00,-33.00,6.12,-4.00,inverted
2024-05-31,464.00,-38.00,-36.00,6.42,-10.00,inverted
2024-06-03,455.00,-41.00,-39.00,7.09,-8.00,inverted
2024-06-04,448.33,-44.00,-40.00,7.35,-4.00,inverted
2024-06-05,444.00,-43.00,-39.00,7.00,-1.00,inverted
2024-06-06,443.00,-44.00,-42.00,6.73,15.00,inverted
2024-06-07,458.67,-44.00,-38.00,8.75,4.00,inverted
2024-06-10,460.67,-40.00,-38.00,8.03,-8.00,inverted
2024-06-11,453.67,-42.00,-38.00,8.75,-8.00,inverted
2024-06-12,446.00,-44.00,-42.00,9.60,-7.00,inverted
2024-06-13,438.67,-44.00,-44.00,6.95,-4.00,inverted
2024-06-14,436.33,-47.00,-43.00,6.95,8.00,inverted
2024-06-17,444.33,-47.00,-43.00,6.95,-6.00,inverted
2024-06-18,438.33,-47.00,-43.00,6.42,3.00,inverted
2024-06-20,440.33,-45.00,-43.00,5.59,0.00,inverted
2024-06-21,440.33,-45.00,-43.00,5.22,0.00,inverted
2024-06-24,441.00,-46.00,-42.00,3.35,-2.00,inverted
2024-06-25,437.67,-42.00,-38.00,1.80,9.00,inverted
2024-06-26,445.00,-39.00,-39.00,4.61,-3.00,inverted
2024-06-27,442.67,-41.00,-41.00,4.85,7.00,inverted
2024-06-28,446.67,-35.00,-41.00,5.98,12.00,inverted
2024-07-01,456.33,-29.00,-37.00,8.41,-5.00,inverted
2024-07-02,452.00,-31.00,-39.00,7.53,-7.00,inverted
2024-07-03,446.67,-35.00,-41.00,8.17,-8.00,inverted
2024-07-05,436.67,-32.00,-44.00,8.40,0.00,inverted
2024-07-08,437.67,-34.00,-44.00,5.87,2.00,inverted
2024-07-09,438.67,-32.00,-44.00,5.41,-2.00,inverted
2024-07-10,438.00,-34.00,-42.00,4.24,-8.00,inverted
2024-07-11,427.67,-30.00,-44.00,4.24,-2.00,inverted
2024-07-12,424.33,-27.00,-43.00,4.36,5.00,inverted
2024-07-15,426.67,-21.00,-41.00,4.92,-6.00,inverted
2024-07-16,423.00,-26.00,-42.00,5.68,-1.00,inverted
2024-07-17,421.67,-26.00,-44.00,4.06,4.00,inverted
2024-07-18,425.67,-26.00,-44.00,4.42,5.00,inverted
2024-07-19,430.00,-24.00,-42.00,4.42,1.00,inverted
2024-07-22,431.00,-24.00,-42.00,3.28,-1.00,inverted
2024-07-23,426.67,-15.00,-35.00,3.28,3.00,inverted
2024-07-24,425.67,-9.00,-41.00,3.00,-1.00,inverted
2024-07-25,427.00,-14.00,-42.00,1.73,-7.00,inverted
2024-07-26,420.67,-16.00,-44.00,3.87,-3.00,inverted
2024-07-29,419.33,-19.00,-43.00,4.12,-2.00,inverted
2024-07-30,417.67,-20.00,-44.00,3.97,-6.00,inverted
2024-07-31,411.67,-20.00,-44.00,4.95,-10.00,inverted
2024-08-01,399.67,-17.00,-47.00,6.10,-19.00,inverted
2024-08-02,376.67,-8.00,-44.00,11.19,-2.00,inverted
2024-08-05,376.33,-11.00,-43.00,11.19,12.00,inverted
2024-08-06,387.33,-9.00,-43.00,12.34,6.00,inverted
2024-08-07,391.67,-4.00,-38.00,11.67,3.00,inverted
2024-08-08,395.33,-5.00,-37.00,6.95,-5.00,inverted
2024-08-09,393.00,-11.00,-39.00,7.31,-4.00,inverted
2024-08-12,388.67,-11.00,-41.00,4.64,-5.00,inverted
2024-08-13,382.00,-8.00,-42.00,4.33,-2.00,inverted
2024-08-14,381.33,-11.00,-43.00,4.18,9.00,inverted
2024-08-15,393.00,-16.00,-42.00,5.61,-3.00,inverted
2024-08-16,390.67,-17.00,-41.00,5.45,-3.00,inverted
2024-08-19,389.00,-20.00,-42.00,5.07,-4.00,inverted
2024-08-20,383.67,-17.00,-41.00,5.36,-3.00,inverted
2024-08-21,378.33,-13.00,-43.00,3.28,7.00,inverted
2024-08-22,385.67,-13.00,-41.00,4.56,-5.00,inverted
2024-08-23,378.67,-9.00,-41.00,4.97,1.00,inverted
2024-08-26,379.67,-9.00,-41.00,4.58,1.00,inverted
2024-08-27,377.33,0.00,-34.00,4.36,1.00,steepener
2024-08-28,376.67,1.00,-41.00,2.65,3.00,steepener
2024-08-29,380.00,0.00,-42.00,1.73,4.00,steepener
2024-08-30,384.33,0.00,-40.00,2.60,-7.00,steepener
2024-09-03,379.00,-4.00,-42.00,4.33,-7.00,inverted
2024-09-04,369.67,1.00,-41.00,5.55,-4.00,steepener
2024-09-05,367.33,-2.00,-40.00,5.70,-1.00,inverted
2024-09-06,362.67,6.00,-38.00,5.36,-2.00,steepener
2024-09-09,362.33,2.00,-40.00,4.18,-5.00,steepener
2024-09-10,355.67,6.00,-38.00,3.39,0.00,steepener
2024-09-11,357.33,3.00,-37.00,2.74,3.00,steepener
2024-09-12,359.67,4.00,-38.00,3.08,-2.00,steepener
2024-09-13,355.33,9.00,-37.00,3.08,-3.00,steepener
2024-09-16,353.33,7.00,-37.00,2.35,2.00,steepener
2024-09-17,356.00,6.00,-36.00,2.55,5.00,steepener
2024-09-18,359.33,9.00,-37.00,3.24,3.00,steepener
2024-09-19,360.33,14.00,-34.00,3.43,0.00,steepener
2024-09-20,358.67,18.00,-32.00,3.08,2.00,steepener
2024-09-23,361.00,18.00,-30.00,3.08,-1.00,steepener
2024-09-24,356.67,25.00,-29.00,1.87,5.00,steepener
2024-09-25,361.33,26.00,-28.00,2.74,0.00,steepener
2024-09-26,364.67,19.00,-29.00,2.74,-4.00,steepener
2024-09-27,360.00,20.00,-30.00,3.24,6.00,steepener
2024-09-30,368.33,15.00,-31.00,4.39,-7.00,steepener
2024-10-01,362.00,13.00,-33.00,5.02,5.00,steepener
2024-10-02,365.67,16.00,-32.00,5.61,6.00,steepener
2024-10-03,372.33,15.00,-31.00,6.04,13.00,steepener
2024-10-04,390.67,5.00,-29.00,8.35,5.00,steepener
2024-10-07,396.00,4.00,-30.00,7.98,1.00,steepener
2024-10-08,396.00,6.00,-30.00,7.60,2.00,steepener
2024-10-09,398.67,7.00,-23.00,7.05,3.00,steepener
2024-10-10,399.33,11.00,-25.00,3.12,-1.00,steepener
2024-10-11,397.00,13.00,-27.00,1.94,-5.00,steepener
2024-10-15,394.67,8.00,-26.00,3.12,-1.00,steepener
2024-10-16,393.00,9.00,-27.00,3.00,7.00,steepener
2024-10-17,398.33,13.00,-25.00,4.36,-1.00,steepener
2024-10-18,397.00,13.00,-27.00,4.36,11.00,steepener
2024-10-21,406.33,17.00,-25.00,6.56,1.00,steepener
2024-10-22,407.67,17.00,-23.00,6.56,4.00,steepener
2024-10-23,412.00,17.00,-21.00,5.89,-3.00,steepener
2024-10-24,410.33,14.00,-22.00,6.06,4.00,steepener
2024-10-25,414.33,14.00,-22.00,3.24,3.00,steepener
2024-10-28,417.00,16.00,-18.00,3.54,0.00,steepener
2024-10-29,416.67,17.00,-17.00,2.92,1.00,steepener
2024-10-30,419.33,14.00,-16.00,2.55,-1.00,steepener
2024-10-31,419.67,12.00,-14.00,1.66,9.00,steepener
2024-11-01,426.67,16.00,-14.00,4.56,-6.00,steepener
2024-11-04,421.67,14.00,-14.00,5.45,-5.00,steepener
2024-11-05,420.33,7.00,-13.00,5.98,16.00,steepener
2024-11-06,432.00,15.00,-15.00,9.97,-11.00,steepener
2024-11-07,423.00,10.00,-18.00,10.46,-1.00,volatile
2024-11-08,425.33,4.00,-16.00,10.04,13.00,volatile
2024-11-12,436.33,9.00,-13.00,11.69,1.00,volatile
2024-11-13,433.67,17.00,-11.00,8.54,-1.00,steepener
2024-11-14,436.33,9.00,-13.00,6.56,0.00,steepener
2024-11-15,434.67,12.00,-14.00,6.54,-1.00,steepener
2024-11-18,433.00,13.00,-15.00,0.87,-3.00,steepener
2024-11-19,430.33,12.00,-16.00,1.66,2.00,steepener
2024-11-20,433.33,10.00,-16.00,1.87,2.00,steepener
2024-11-21,435.67,9.00,-17.00,2.12,-2.00,steepener
2024-11-22,436.00,4.00,-18.00,2.29,-14.00,steepener
2024-11-25,421.67,6.00,-14.00,7.21,3.00,steepener
2024-11-26,422.67,9.00,-17.00,7.30,-5.00,steepener
2024-11-27,418.33,6.00,-22.00,7.65,-7.00,steepener
2024-11-29,412.00,5.00,-21.00,8.35,1.00,steepener
2024-12-02,414.67,2.00,-20.00,4.58,4.00,steepener
2024-12-03,417.00,6.00,-18.00,4.77,-4.00,steepener
2024-12-04,413.00,6.00,-18.00,4.53,-2.00,steepener
2024-12-05,413.00,2.00,-18.00,3.04,-2.00,steepener
2024-12-06,409.33,5.00,-19.00,3.16,5.00,steepener
2024-12-09,413.33,7.00,-19.00,3.50,2.00,steepener
2024-12-10,415.33,7.00,-19.00,3.04,4.00,steepener
2024-12-11,418.00,11.00,-15.00,3.50,6.00,steepener
2024-12-12,422.67,14.00,-14.00,4.50,8.00,steepener
2024-12-13,430.00,15.00,-15.00,5.48,-1.00,steepener
2024-12-16,429.67,14.00,-14.00,5.41,1.00,steepener
2024-12-17,430.33,15.00,-13.00,5.05,10.00,steepener
2024-12-18,441.67,15.00,-5.00,6.44,7.00,steepener
2024-12-19,444.00,25.00,-3.00,6.14,-5.00,steepener
2024-12-20,439.67,22.00,-8.00,6.61,7.00,steepener
2024-12-23,444.33,29.00,-1.00,7.47,0.00,steepener
2024-12-24,443.67,30.00,-2.00,5.55,-1.00,steepener
2024-12-26,443.33,28.00,-4.00,4.33,4.00,steepener
2024-12-27,446.00,31.00,-3.00,4.06,-7.00,steepener
2024-12-30,438.67,31.00,-5.00,4.06,3.00,steepener
