date,issuer,rating,spread_bp,spread_mom,leverage,coverage,macro,label
2026-01-02,Alpha,A,115,2,3.2,4.5,0.40,0
2026-01-02,Beta,BBB,185,8,4.6,3.0,0.35,0
2026-01-02,Gamma,BB,310,18,5.8,1.9,0.25,1
2026-01-09,Alpha,A,118,3,3.3,4.3,0.38,0
2026-01-09,Beta,BBB,198,13,4.8,2.7,0.28,1
2026-01-09,Gamma,BB,335,25,6.1,1.6,0.15,1
2026-01-16,Alpha,A,116,-2,3.2,4.4,0.36,0
2026-01-16,Beta,BBB,205,7,4.9,2.5,0.20,0
2026-01-16,Gamma,BB,360,25,6.4,1.4,0.05,1
2026-01-23,Alpha,A,125,9,3.5,4.0,0.25,0
2026-01-23,Beta,BBB,225,20,5.2,2.2,0.10,1
2026-01-23,Gamma,BB,390,30,6.8,1.2,-0.05,1
