date,rate_level,rate_slope,spread,volatility,cs01,dv01,loss,stress
2026-01-02,3.20,-0.80,115,10.0,9000,12000,12000,0
2026-01-09,3.25,-0.74,122,11.0,9200,12300,18000,0
2026-01-16,3.28,-0.70,130,12.5,9500,12500,26000,0
2026-01-23,3.35,-0.60,145,14.0,9900,12800,42000,1
2026-01-30,3.42,-0.50,158,16.0,10300,13200,58000,1
2026-02-06,3.38,-0.55,150,15.0,10100,13000,35000,0
2026-02-13,3.50,-0.40,178,19.0,11000,13800,76000,1
2026-02-20,3.62,-0.32,195,22.0,11800,14500,98000,1
2026-02-27,3.55,-0.38,182,20.5,11400,14200,62000,1
2026-03-06,3.48,-0.45,165,18.0,10800,13600,39000,0
2026-03-13,3.68,-0.25,210,25.0,12600,15200,125000,1
2026-03-20,3.72,-0.22,225,27.0,13200,15800,148000,1
