issuer,ticker,cik,sic,sic_description,filing_date,form_type,accession_number,primary_document,filing_url
AT&T INC.,T,0000732717,4813,Telephone Communications (No Radiotelephone),2024-01-24,8-K,0000732717-24-000006,t-20240124.htm,https://www.sec.gov/Archives/edgar/data/732717/000073271724000006/t-20240124.htm
AT&T INC.,T,0000732717,4813,Telephone Communications (No Radiotelephone),2024-01-24,8-K,0000732717-24-000004,t-20240124.htm,https://www.sec.gov/Archives/edgar/data/732717/000073271724000004/t-20240124.htm
AT&T INC.,T,0000732717,4813,Telephone Communications (No Radiotelephone),2024-02-23,10-K,0000732717-24-000009,t-20231231.htm,https://www.sec.gov/Archives/edgar/data/732717/000073271724000009/t-20231231.htm
AT&T INC.,T,0000732717,4813,Telephone Communications (No Radiotelephone),2024-03-01,8-K,0000732717-24-000012,t-20240301.htm,https://www.sec.gov/Archives/edgar/data/732717/000073271724000012/t-20240301.htm
AT&T INC.,T,0000732717,4813,Telephone Communications (No Radiotelephone),2024-04-24,8-K,0000732717-24-000018,t-20240424.htm,https://www.sec.gov/Archives/edgar/data/732717/000073271724000018/t-20240424.htm
AT&T INC.,T,0000732717,4813,Telephone Communications (No Radiotelephone),2024-04-24,8-K,0000732717-24-000016,t-20240424.htm,https://www.sec.gov/Archives/edgar/data/732717/000073271724000016/t-20240424.htm
AT&T INC.,T,0000732717,4813,Telephone Communications (No Radiotelephone),2024-05-02,10-Q,0000732717-24-000022,t-20240331.htm,https://www.sec.gov/Archives/edgar/data/732717/000073271724000022/t-20240331.htm
AT&T INC.,T,0000732717,4813,Telephone Communications (No Radiotelephone),2024-05-21,8-K,0001193125-24-143912,d804926d8k.htm,https://www.sec.gov/Archives/edgar/data/732717/000119312524143912/d804926d8k.htm
AT&T INC.,T,0000732717,4813,Telephone Communications (No Radiotelephone),2024-07-12,8-K,0000732717-24-000046,t-20240506.htm,https://www.sec.gov/Archives/edgar/data/732717/000073271724000046/t-20240506.htm
AT&T INC.,T,0000732717,4813,Telephone Communications (No Radiotelephone),2024-07-24,8-K,0000732717-24-000050,t-20240724.htm,https://www.sec.gov/Archives/edgar/data/732717/000073271724000050/t-20240724.htm
AT&T INC.,T,0000732717,4813,Telephone Communications (No Radiotelephone),2024-07-25,10-Q,0000732717-24-000053,t-20240630.htm,https://www.sec.gov/Archives/edgar/data/732717/000073271724000053/t-20240630.htm
AT&T INC.,T,0000732717,4813,Telephone Communications (No Radiotelephone),2024-09-30,8-K,0001193125-24-228321,d35594d8k.htm,https://www.sec.gov/Archives/edgar/data/732717/000119312524228321/d35594d8k.htm
AT&T INC.,T,0000732717,4813,Telephone Communications (No Radiotelephone),2024-10-23,8-K,0000732717-24-000056,t-20241023.htm,https://www.sec.gov/Archives/edgar/data/732717/000073271724000056/t-20241023.htm
AT&T INC.,T,0000732717,4813,Telephone Communications (No Radiotelephone),2024-10-29,10-Q,0000732717-24-000059,t-20240930.htm,https://www.sec.gov/Archives/edgar/data/732717/000073271724000059/t-20240930.htm
AT&T INC.,T,0000732717,4813,Telephone Communications (No Radiotelephone),2024-12-03,8-K,0000732717-24-000062,t-20241203.htm,https://www.sec.gov/Archives/edgar/data/732717/000073271724000062/t-20241203.htm
FORD MOTOR CO,F,0000037996,3711,Motor Vehicles & Passenger Car Bodies,2024-01-04,8-K,0000037996-24-000002,f-20240104.htm,https://www.sec.gov/Archives/edgar/data/37996/000003799624000002/f-20240104.htm
FORD MOTOR CO,F,0000037996,3711,Motor Vehicles & Passenger Car Bodies,2024-01-24,8-K,0000037996-24-000004,f-20240124.htm,https://www.sec.gov/Archives/edgar/data/37996/000003799624000004/f-20240124.htm
FORD MOTOR CO,F,0000037996,3711,Motor Vehicles & Passenger Car Bodies,2024-02-06,8-K,0000037996-24-000008,f-20240206.htm,https://www.sec.gov/Archives/edgar/data/37996/000003799624000008/f-20240206.htm
FORD MOTOR CO,F,0000037996,3711,Motor Vehicles & Passenger Car Bodies,2024-02-07,10-K,0000037996-24-000009,f-20231231.htm,https://www.sec.gov/Archives/edgar/data/37996/000003799624000009/f-20231231.htm
FORD MOTOR CO,F,0000037996,3711,Motor Vehicles & Passenger Car Bodies,2024-03-14,8-K,0000037996-24-000063,f-20240314.htm,https://www.sec.gov/Archives/edgar/data/37996/000003799624000063/f-20240314.htm
FORD MOTOR CO,F,0000037996,3711,Motor Vehicles & Passenger Car Bodies,2024-03-26,8-K,0000037996-24-000065,f-20240326.htm,https://www.sec.gov/Archives/edgar/data/37996/000003799624000065/f-20240326.htm
FORD MOTOR CO,F,0000037996,3711,Motor Vehicles & Passenger Car Bodies,2024-04-03,8-K,0000037996-24-000067,f-20240403.htm,https://www.sec.gov/Archives/edgar/data/37996/000003799624000067/f-20240403.htm
FORD MOTOR CO,F,0000037996,3711,Motor Vehicles & Passenger Car Bodies,2024-04-22,8-K,0000037996-24-000071,f-20240422.htm,https://www.sec.gov/Archives/edgar/data/37996/000003799624000071/f-20240422.htm
FORD MOTOR CO,F,0000037996,3711,Motor Vehicles & Passenger Car Bodies,2024-04-24,8-K,0000037996-24-000074,f-20240424.htm,https://www.sec.gov/Archives/edgar/data/37996/000003799624000074/f-20240424.htm
FORD MOTOR CO,F,0000037996,3711,Motor Vehicles & Passenger Car Bodies,2024-04-25,10-Q,0000037996-24-000075,f-20240331.htm,https://www.sec.gov/Archives/edgar/data/37996/000003799624000075/f-20240331.htm
FORD MOTOR CO,F,0000037996,3711,Motor Vehicles & Passenger Car Bodies,2024-05-10,8-K,0000037996-24-000077,f-20240508.htm,https://www.sec.gov/Archives/edgar/data/37996/000003799624000077/f-20240508.htm
FORD MOTOR CO,F,0000037996,3711,Motor Vehicles & Passenger Car Bodies,2024-05-14,8-K,0000037996-24-000079,f-20240509.htm,https://www.sec.gov/Archives/edgar/data/37996/000003799624000079/f-20240509.htm
FORD MOTOR CO,F,0000037996,3711,Motor Vehicles & Passenger Car Bodies,2024-07-03,8-K,0000037996-24-000134,f-20240703.htm,https://www.sec.gov/Archives/edgar/data/37996/000003799624000134/f-20240703.htm
FORD MOTOR CO,F,0000037996,3711,Motor Vehicles & Passenger Car Bodies,2024-07-11,8-K,0000037996-24-000137,f-20240711.htm,https://www.sec.gov/Archives/edgar/data/37996/000003799624000137/f-20240711.htm
FORD MOTOR CO,F,0000037996,3711,Motor Vehicles & Passenger Car Bodies,2024-07-24,8-K,0000037996-24-000143,f-20240724.htm,https://www.sec.gov/Archives/edgar/data/37996/000003799624000143/f-20240724.htm
FORD MOTOR CO,F,0000037996,3711,Motor Vehicles & Passenger Car Bodies,2024-07-25,10-Q,0000037996-24-000144,f-20240630.htm,https://www.sec.gov/Archives/edgar/data/37996/000003799624000144/f-20240630.htm
FORD MOTOR CO,F,0000037996,3711,Motor Vehicles & Passenger Car Bodies,2024-08-21,8-K,0000037996-24-000150,f-20240819.htm,https://www.sec.gov/Archives/edgar/data/37996/000003799624000150/f-20240819.htm
FORD MOTOR CO,F,0000037996,3711,Motor Vehicles & Passenger Car Bodies,2024-09-12,8-K,0000037996-24-000174,f-20240912.htm,https://www.sec.gov/Archives/edgar/data/37996/000003799624000174/f-20240912.htm
FORD MOTOR CO,F,0000037996,3711,Motor Vehicles & Passenger Car Bodies,2024-09-13,8-K,0000037996-24-000176,f-20240912.htm,https://www.sec.gov/Archives/edgar/data/37996/000003799624000176/f-20240912.htm
FORD MOTOR CO,F,0000037996,3711,Motor Vehicles & Passenger Car Bodies,2024-10-02,8-K,0000037996-24-000180,f-20241002.htm,https://www.sec.gov/Archives/edgar/data/37996/000003799624000180/f-20241002.htm
FORD MOTOR CO,F,0000037996,3711,Motor Vehicles & Passenger Car Bodies,2024-10-28,8-K,0000037996-24-000183,f-20241028.htm,https://www.sec.gov/Archives/edgar/data/37996/000003799624000183/f-20241028.htm
FORD MOTOR CO,F,0000037996,3711,Motor Vehicles & Passenger Car Bodies,2024-10-29,10-Q,0000037996-24-000185,f-20240930.htm,https://www.sec.gov/Archives/edgar/data/37996/000003799624000185/f-20240930.htm
FORD MOTOR CO,F,0000037996,3711,Motor Vehicles & Passenger Car Bodies,2024-10-31,8-K,0000037996-24-000189,f-20241030.htm,https://www.sec.gov/Archives/edgar/data/37996/000003799624000189/f-20241030.htm
FORD MOTOR CO,F,0000037996,3711,Motor Vehicles & Passenger Car Bodies,2024-11-14,8-K,0000037996-24-000195,f-20241113.htm,https://www.sec.gov/Archives/edgar/data/37996/000003799624000195/f-20241113.htm
FORD MOTOR CO,F,0000037996,3711,Motor Vehicles & Passenger Car Bodies,2024-12-16,8-K,0000037996-24-000235,f-20241213.htm,https://www.sec.gov/Archives/edgar/data/37996/000003799624000235/f-20241213.htm
INTERNATIONAL BUSINESS MACHINES CORP,IBM,0000051143,3570,Computer & office Equipment,2024-01-24,8-K,0000051143-24-000004,ibm-20240124.htm,https://www.sec.gov/Archives/edgar/data/51143/000005114324000004/ibm-20240124.htm
INTERNATIONAL BUSINESS MACHINES CORP,IBM,0000051143,3570,Computer & office Equipment,2024-01-25,8-K,0000051143-24-000007,ibm-20240124.htm,https://www.sec.gov/Archives/edgar/data/51143/000005114324000007/ibm-20240124.htm
INTERNATIONAL BUSINESS MACHINES CORP,IBM,0000051143,3570,Computer & office Equipment,2024-02-01,8-K,0001104659-24-009477,tm244921d1_8k.htm,https://www.sec.gov/Archives/edgar/data/51143/000110465924009477/tm244921d1_8k.htm
INTERNATIONAL BUSINESS MACHINES CORP,IBM,0000051143,3570,Computer & office Equipment,2024-02-02,8-K,0001104659-24-010040,tm243984d7_8k.htm,https://www.sec.gov/Archives/edgar/data/51143/000110465924010040/tm243984d7_8k.htm
INTERNATIONAL BUSINESS MACHINES CORP,IBM,0000051143,3570,Computer & office Equipment,2024-02-26,10-K,0000051143-24-000012,ibm-20231231.htm,https://www.sec.gov/Archives/edgar/data/51143/000005114324000012/ibm-20231231.htm
INTERNATIONAL BUSINESS MACHINES CORP,IBM,0000051143,3570,Computer & office Equipment,2024-02-26,8-K,0001104659-24-027204,tm247131d1_8k.htm,https://www.sec.gov/Archives/edgar/data/51143/000110465924027204/tm247131d1_8k.htm
INTERNATIONAL BUSINESS MACHINES CORP,IBM,0000051143,3570,Computer & office Equipment,2024-03-18,8-K,0000051143-24-000015,ibm-20240318.htm,https://www.sec.gov/Archives/edgar/data/51143/000005114324000015/ibm-20240318.htm
INTERNATIONAL BUSINESS MACHINES CORP,IBM,0000051143,3570,Computer & office Equipment,2024-04-24,8-K,0000051143-24-000018,ibm-20240424.htm,https://www.sec.gov/Archives/edgar/data/51143/000005114324000018/ibm-20240424.htm
INTERNATIONAL BUSINESS MACHINES CORP,IBM,0000051143,3570,Computer & office Equipment,2024-04-25,8-K,0000051143-24-000021,ibm-20240424.htm,https://www.sec.gov/Archives/edgar/data/51143/000005114324000021/ibm-20240424.htm
INTERNATIONAL BUSINESS MACHINES CORP,IBM,0000051143,3570,Computer & office Equipment,2024-04-30,10-Q,0000051143-24-000025,ibm-20240331.htm,https://www.sec.gov/Archives/edgar/data/51143/000005114324000025/ibm-20240331.htm
INTERNATIONAL BUSINESS MACHINES CORP,IBM,0000051143,3570,Computer & office Equipment,2024-05-03,8-K,0001104659-24-057038,tm2413362d1_8k.htm,https://www.sec.gov/Archives/edgar/data/51143/000110465924057038/tm2413362d1_8k.htm
INTERNATIONAL BUSINESS MACHINES CORP,IBM,0000051143,3570,Computer & office Equipment,2024-06-21,8-K,0000950157-24-000918,form8-k.htm,https://www.sec.gov/Archives/edgar/data/51143/000095015724000918/form8-k.htm
INTERNATIONAL BUSINESS MACHINES CORP,IBM,0000051143,3570,Computer & office Equipment,2024-07-24,8-K,0000051143-24-000033,ibm-20240724.htm,https://www.sec.gov/Archives/edgar/data/51143/000005114324000033/ibm-20240724.htm
INTERNATIONAL BUSINESS MACHINES CORP,IBM,0000051143,3570,Computer & office Equipment,2024-07-25,8-K,0000051143-24-000035,ibm-20240724.htm,https://www.sec.gov/Archives/edgar/data/51143/000005114324000035/ibm-20240724.htm
INTERNATIONAL BUSINESS MACHINES CORP,IBM,0000051143,3570,Computer & office Equipment,2024-07-30,10-Q,0000051143-24-000039,ibm-20240630.htm,https://www.sec.gov/Archives/edgar/data/51143/000005114324000039/ibm-20240630.htm
INTERNATIONAL BUSINESS MACHINES CORP,IBM,0000051143,3570,Computer & office Equipment,2024-09-11,8-K,0001104659-24-098942,tm2423753d1_8k.htm,https://www.sec.gov/Archives/edgar/data/51143/000110465924098942/tm2423753d1_8k.htm
INTERNATIONAL BUSINESS MACHINES CORP,IBM,0000051143,3570,Computer & office Equipment,2024-10-23,8-K,0000051143-24-000043,ibm-20241023.htm,https://www.sec.gov/Archives/edgar/data/51143/000005114324000043/ibm-20241023.htm
INTERNATIONAL BUSINESS MACHINES CORP,IBM,0000051143,3570,Computer & office Equipment,2024-10-24,8-K,0000051143-24-000045,ibm-20241023.htm,https://www.sec.gov/Archives/edgar/data/51143/000005114324000045/ibm-20241023.htm
INTERNATIONAL BUSINESS MACHINES CORP,IBM,0000051143,3570,Computer & office Equipment,2024-10-30,10-Q,0000051143-24-000049,ibm-20240930.htm,https://www.sec.gov/Archives/edgar/data/51143/000005114324000049/ibm-20240930.htm
INTERNATIONAL BUSINESS MACHINES CORP,IBM,0000051143,3570,Computer & office Equipment,2024-12-09,8-K,0000051143-24-000052,ibm-20241209.htm,https://www.sec.gov/Archives/edgar/data/51143/000005114324000052/ibm-20241209.htm
VERIZON COMMUNICATIONS INC,VZ,0000732712,4813,Telephone Communications (No Radiotelephone),2024-01-17,8-K,0000732712-24-000003,vz-20240117.htm,https://www.sec.gov/Archives/edgar/data/732712/000073271224000003/vz-20240117.htm
VERIZON COMMUNICATIONS INC,VZ,0000732712,4813,Telephone Communications (No Radiotelephone),2024-01-23,8-K,0000732712-24-000007,vz-20240123.htm,https://www.sec.gov/Archives/edgar/data/732712/000073271224000007/vz-20240123.htm
VERIZON COMMUNICATIONS INC,VZ,0000732712,4813,Telephone Communications (No Radiotelephone),2024-01-24,8-K,0001193125-24-013874,d701168d8k.htm,https://www.sec.gov/Archives/edgar/data/732712/000119312524013874/d701168d8k.htm
VERIZON COMMUNICATIONS INC,VZ,0000732712,4813,Telephone Communications (No Radiotelephone),2024-02-02,8-K,0001193125-24-022476,d745812d8k.htm,https://www.sec.gov/Archives/edgar/data/732712/000119312524022476/d745812d8k.htm
VERIZON COMMUNICATIONS INC,VZ,0000732712,4813,Telephone Communications (No Radiotelephone),2024-02-09,10-K,0000732712-24-000010,vz-20231231.htm,https://www.sec.gov/Archives/edgar/data/732712/000073271224000010/vz-20231231.htm
VERIZON COMMUNICATIONS INC,VZ,0000732712,4813,Telephone Communications (No Radiotelephone),2024-03-06,8-K,0000732712-24-000015,vz-20240229.htm,https://www.sec.gov/Archives/edgar/data/732712/000073271224000015/vz-20240229.htm
VERIZON COMMUNICATIONS INC,VZ,0000732712,4813,Telephone Communications (No Radiotelephone),2024-04-22,8-K,0000732712-24-000025,vz-20240422.htm,https://www.sec.gov/Archives/edgar/data/732712/000073271224000025/vz-20240422.htm
VERIZON COMMUNICATIONS INC,VZ,0000732712,4813,Telephone Communications (No Radiotelephone),2024-04-25,10-Q,0000732712-24-000029,vz-20240331.htm,https://www.sec.gov/Archives/edgar/data/732712/000073271224000029/vz-20240331.htm
VERIZON COMMUNICATIONS INC,VZ,0000732712,4813,Telephone Communications (No Radiotelephone),2024-05-13,8-K,0001193125-24-137239,d804766d8k.htm,https://www.sec.gov/Archives/edgar/data/732712/000119312524137239/d804766d8k.htm
VERIZON COMMUNICATIONS INC,VZ,0000732712,4813,Telephone Communications (No Radiotelephone),2024-05-23,8-K,0001193125-24-146021,d770164d8k.htm,https://www.sec.gov/Archives/edgar/data/732712/000119312524146021/d770164d8k.htm
VERIZON COMMUNICATIONS INC,VZ,0000732712,4813,Telephone Communications (No Radiotelephone),2024-06-27,8-K,0001193125-24-170544,d858119d8k.htm,https://www.sec.gov/Archives/edgar/data/732712/000119312524170544/d858119d8k.htm
VERIZON COMMUNICATIONS INC,VZ,0000732712,4813,Telephone Communications (No Radiotelephone),2024-07-22,8-K,0001193125-24-182250,d810927d8k.htm,https://www.sec.gov/Archives/edgar/data/732712/000119312524182250/d810927d8k.htm
VERIZON COMMUNICATIONS INC,VZ,0000732712,4813,Telephone Communications (No Radiotelephone),2024-07-22,8-K,0000732712-24-000049,vz-20240722.htm,https://www.sec.gov/Archives/edgar/data/732712/000073271224000049/vz-20240722.htm
VERIZON COMMUNICATIONS INC,VZ,0000732712,4813,Telephone Communications (No Radiotelephone),2024-07-25,10-Q,0000732712-24-000052,vz-20240630.htm,https://www.sec.gov/Archives/edgar/data/732712/000073271224000052/vz-20240630.htm
VERIZON COMMUNICATIONS INC,VZ,0000732712,4813,Telephone Communications (No Radiotelephone),2024-07-31,8-K,0001193125-24-189129,d876375d8k.htm,https://www.sec.gov/Archives/edgar/data/732712/000119312524189129/d876375d8k.htm
VERIZON COMMUNICATIONS INC,VZ,0000732712,4813,Telephone Communications (No Radiotelephone),2024-08-05,8-K,0001193125-24-193907,d859370d8k.htm,https://www.sec.gov/Archives/edgar/data/732712/000119312524193907/d859370d8k.htm
VERIZON COMMUNICATIONS INC,VZ,0000732712,4813,Telephone Communications (No Radiotelephone),2024-08-20,8-K,0001193125-24-203259,d885719d8k.htm,https://www.sec.gov/Archives/edgar/data/732712/000119312524203259/d885719d8k.htm
VERIZON COMMUNICATIONS INC,VZ,0000732712,4813,Telephone Communications (No Radiotelephone),2024-09-05,8-K,0001193125-24-214318,d869096d8k.htm,https://www.sec.gov/Archives/edgar/data/732712/000119312524214318/d869096d8k.htm
VERIZON COMMUNICATIONS INC,VZ,0000732712,4813,Telephone Communications (No Radiotelephone),2024-09-05,8-K,0001193125-24-213664,d828371d8k.htm,https://www.sec.gov/Archives/edgar/data/732712/000119312524213664/d828371d8k.htm
VERIZON COMMUNICATIONS INC,VZ,0000732712,4813,Telephone Communications (No Radiotelephone),2024-09-09,8-K,0001193125-24-216012,d876956d8k.htm,https://www.sec.gov/Archives/edgar/data/732712/000119312524216012/d876956d8k.htm
VERIZON COMMUNICATIONS INC,VZ,0000732712,4813,Telephone Communications (No Radiotelephone),2024-09-12,8-K,0000732712-24-000056,vz-20240912.htm,https://www.sec.gov/Archives/edgar/data/732712/000073271224000056/vz-20240912.htm
VERIZON COMMUNICATIONS INC,VZ,0000732712,4813,Telephone Communications (No Radiotelephone),2024-09-30,8-K,0001193125-24-228402,d889681d8k.htm,https://www.sec.gov/Archives/edgar/data/732712/000119312524228402/d889681d8k.htm
VERIZON COMMUNICATIONS INC,VZ,0000732712,4813,Telephone Communications (No Radiotelephone),2024-10-22,8-K,0000732712-24-000065,vz-20241022.htm,https://www.sec.gov/Archives/edgar/data/732712/000073271224000065/vz-20241022.htm
VERIZON COMMUNICATIONS INC,VZ,0000732712,4813,Telephone Communications (No Radiotelephone),2024-10-22,8-K,0000732712-24-000062,vz-20241022.htm,https://www.sec.gov/Archives/edgar/data/732712/000073271224000062/vz-20241022.htm
VERIZON COMMUNICATIONS INC,VZ,0000732712,4813,Telephone Communications (No Radiotelephone),2024-10-25,10-Q,0000732712-24-000069,vz-20240930.htm,https://www.sec.gov/Archives/edgar/data/732712/000073271224000069/vz-20240930.htm
VERIZON COMMUNICATIONS INC,VZ,0000732712,4813,Telephone Communications (No Radiotelephone),2024-12-06,8-K,0001193125-24-272452,d835176d8k.htm,https://www.sec.gov/Archives/edgar/data/732712/000119312524272452/d835176d8k.htm
